ancestor,descendant,depth
68dd56228d5c1dd8f9cf5c45,68dd56228d5c1dd8f9cf5c45,0
68dd56228d5c1dd8f9cf5c46,68dd56228d5c1dd8f9cf5c46,0
68dd56228d5c1dd8f9cf5c47,68dd56228d5c1dd8f9cf5c47,0
68dd56228d5c1dd8f9cf5c48,68dd56228d5c1dd8f9cf5c48,0
68dd56228d5c1dd8f9cf5c49,68dd56228d5c1dd8f9cf5c49,0
68dd56228d5c1dd8f9cf5c4a,68dd56228d5c1dd8f9cf5c4a,0
68dd56228d5c1dd8f9cf5c4b,68dd56228d5c1dd8f9cf5c4b,0
68dd56228d5c1dd8f9cf5c4c,68dd56228d5c1dd8f9cf5c4c,0
68dd56228d5c1dd8f9cf5c4d,68dd56228d5c1dd8f9cf5c4d,0
68dd56228d5c1dd8f9cf5c4e,68dd56228d5c1dd8f9cf5c4e,0
68dd56228d5c1dd8f9cf5c4f,68dd56228d5c1dd8f9cf5c4f,0
68dd56228d5c1dd8f9cf5c50,68dd56228d5c1dd8f9cf5c50,0
68dd56228d5c1dd8f9cf5c51,68dd56228d5c1dd8f9cf5c51,0
68dd56228d5c1dd8f9cf5c52,68dd56228d5c1dd8f9cf5c52,0
68dd56228d5c1dd8f9cf5c53,68dd56228d5c1dd8f9cf5c53,0
68dd56228d5c1dd8f9cf5c54,68dd56228d5c1dd8f9cf5c54,0
68dd56228d5c1dd8f9cf5c55,68dd56228d5c1dd8f9cf5c55,0
68dd56228d5c1dd8f9cf5c56,68dd56228d5c1dd8f9cf5c56,0
68dd56228d5c1dd8f9cf5c57,68dd56228d5c1dd8f9cf5c57,0
68dd56228d5c1dd8f9cf5c58,68dd56228d5c1dd8f9cf5c58,0
68dd56228d5c1dd8f9cf5c59,68dd56228d5c1dd8f9cf5c59,0
68dd56228d5c1dd8f9cf5c5a,68dd56228d5c1dd8f9cf5c5a,0
68dd56228d5c1dd8f9cf5c5b,68dd56228d5c1dd8f9cf5c5b,0
68dd56228d5c1dd8f9cf5c5c,68dd56228d5c1dd8f9cf5c5c,0
68dd56228d5c1dd8f9cf5c5d,68dd56228d5c1dd8f9cf5c5d,0
68dd56228d5c1dd8f9cf5c5e,68dd56228d5c1dd8f9cf5c5e,0
68dd56228d5c1dd8f9cf5c5f,68dd56228d5c1dd8f9cf5c5f,0
68dd56368d5c1dd8f9cf5c60,68dd56368d5c1dd8f9cf5c60,0
68dd56228d5c1dd8f9cf5c45,68dd56368d5c1dd8f9cf5c60,1
68dd56368d5c1dd8f9cf5c61,68dd56368d5c1dd8f9cf5c61,0
68dd56228d5c1dd8f9cf5c45,68dd56368d5c1dd8f9cf5c61,1
68dd56528d5c1dd8f9cf5c62,68dd56528d5c1dd8f9cf5c62,0
68dd56228d5c1dd8f9cf5c46,68dd56528d5c1dd8f9cf5c62,1
68dd56528d5c1dd8f9cf5c63,68dd56528d5c1dd8f9cf5c63,0
68dd56228d5c1dd8f9cf5c46,68dd56528d5c1dd8f9cf5c63,1
68dd56528d5c1dd8f9cf5c64,68dd56528d5c1dd8f9cf5c64,0
68dd56228d5c1dd8f9cf5c46,68dd56528d5c1dd8f9cf5c64,1
68dd56528d5c1dd8f9cf5c65,68dd56528d5c1dd8f9cf5c65,0
68dd56228d5c1dd8f9cf5c46,68dd56528d5c1dd8f9cf5c65,1
68dd56528d5c1dd8f9cf5c66,68dd56528d5c1dd8f9cf5c66,0
68dd56228d5c1dd8f9cf5c46,68dd56528d5c1dd8f9cf5c66,1
68dd56878d5c1dd8f9cf5c67,68dd56878d5c1dd8f9cf5c67,0
68dd56528d5c1dd8f9cf5c62,68dd56878d5c1dd8f9cf5c67,1
68dd56228d5c1dd8f9cf5c46,68dd56878d5c1dd8f9cf5c67,2
68dd56878d5c1dd8f9cf5c68,68dd56878d5c1dd8f9cf5c68,0
68dd56528d5c1dd8f9cf5c62,68dd56878d5c1dd8f9cf5c68,1
68dd56228d5c1dd8f9cf5c46,68dd56878d5c1dd8f9cf5c68,2
68dd56a18d5c1dd8f9cf5c69,68dd56a18d5c1dd8f9cf5c69,0
68dd56228d5c1dd8f9cf5c47,68dd56a18d5c1dd8f9cf5c69,1
68dd56a18d5c1dd8f9cf5c6a,68dd56a18d5c1dd8f9cf5c6a,0
68dd56228d5c1dd8f9cf5c47,68dd56a18d5c1dd8f9cf5c6a,1
68dd56a18d5c1dd8f9cf5c6b,68dd56a18d5c1dd8f9cf5c6b,0
68dd56228d5c1dd8f9cf5c47,68dd56a18d5c1dd8f9cf5c6b,1
68dd56a18d5c1dd8f9cf5c6c,68dd56a18d5c1dd8f9cf5c6c,0
68dd56228d5c1dd8f9cf5c47,68dd56a18d5c1dd8f9cf5c6c,1
68dd56b38d5c1dd8f9cf5c6d,68dd56b38d5c1dd8f9cf5c6d,0
68dd56a18d5c1dd8f9cf5c6b,68dd56b38d5c1dd8f9cf5c6d,1
68dd56228d5c1dd8f9cf5c47,68dd56b38d5c1dd8f9cf5c6d,2
68dd56b38d5c1dd8f9cf5c6e,68dd56b38d5c1dd8f9cf5c6e,0
68dd56a18d5c1dd8f9cf5c6b,68dd56b38d5c1dd8f9cf5c6e,1
68dd56228d5c1dd8f9cf5c47,68dd56b38d5c1dd8f9cf5c6e,2
68dd56b38d5c1dd8f9cf5c6f,68dd56b38d5c1dd8f9cf5c6f,0
68dd56a18d5c1dd8f9cf5c6b,68dd56b38d5c1dd8f9cf5c6f,1
68dd56228d5c1dd8f9cf5c47,68dd56b38d5c1dd8f9cf5c6f,2
68dd56b38d5c1dd8f9cf5c70,68dd56b38d5c1dd8f9cf5c70,0
68dd56a18d5c1dd8f9cf5c6b,68dd56b38d5c1dd8f9cf5c70,1
68dd56228d5c1dd8f9cf5c47,68dd56b38d5c1dd8f9cf5c70,2
68dd56b38d5c1dd8f9cf5c71,68dd56b38d5c1dd8f9cf5c71,0
68dd56a18d5c1dd8f9cf5c6b,68dd56b38d5c1dd8f9cf5c71,1
68dd56228d5c1dd8f9cf5c47,68dd56b38d5c1dd8f9cf5c71,2
68dd56b38d5c1dd8f9cf5c72,68dd56b38d5c1dd8f9cf5c72,0
68dd56a18d5c1dd8f9cf5c6b,68dd56b38d5c1dd8f9cf5c72,1
68dd56228d5c1dd8f9cf5c47,68dd56b38d5c1dd8f9cf5c72,2
68dd56ff8d5c1dd8f9cf5c73,68dd56ff8d5c1dd8f9cf5c73,0
68dd56a18d5c1dd8f9cf5c6a,68dd56ff8d5c1dd8f9cf5c73,1
68dd56228d5c1dd8f9cf5c47,68dd56ff8d5c1dd8f9cf5c73,2
68dd56ff8d5c1dd8f9cf5c74,68dd56ff8d5c1dd8f9cf5c74,0
68dd56a18d5c1dd8f9cf5c6a,68dd56ff8d5c1dd8f9cf5c74,1
68dd56228d5c1dd8f9cf5c47,68dd56ff8d5c1dd8f9cf5c74,2
68dd56ff8d5c1dd8f9cf5c75,68dd56ff8d5c1dd8f9cf5c75,0
68dd56a18d5c1dd8f9cf5c6a,68dd56ff8d5c1dd8f9cf5c75,1
68dd56228d5c1dd8f9cf5c47,68dd56ff8d5c1dd8f9cf5c75,2
68dd56ff8d5c1dd8f9cf5c76,68dd56ff8d5c1dd8f9cf5c76,0
68dd56a18d5c1dd8f9cf5c6a,68dd56ff8d5c1dd8f9cf5c76,1
68dd56228d5c1dd8f9cf5c47,68dd56ff8d5c1dd8f9cf5c76,2
68dd56ff8d5c1dd8f9cf5c77,68dd56ff8d5c1dd8f9cf5c77,0
68dd56a18d5c1dd8f9cf5c6a,68dd56ff8d5c1dd8f9cf5c77,1
68dd56228d5c1dd8f9cf5c47,68dd56ff8d5c1dd8f9cf5c77,2
68dd573c8d5c1dd8f9cf5c78,68dd573c8d5c1dd8f9cf5c78,0
68dd56a18d5c1dd8f9cf5c69,68dd573c8d5c1dd8f9cf5c78,1
68dd56228d5c1dd8f9cf5c47,68dd573c8d5c1dd8f9cf5c78,2
68dd573c8d5c1dd8f9cf5c79,68dd573c8d5c1dd8f9cf5c79,0
68dd56a18d5c1dd8f9cf5c69,68dd573c8d5c1dd8f9cf5c79,1
68dd56228d5c1dd8f9cf5c47,68dd573c8d5c1dd8f9cf5c79,2
68dd573c8d5c1dd8f9cf5c7a,68dd573c8d5c1dd8f9cf5c7a,0
68dd56a18d5c1dd8f9cf5c69,68dd573c8d5c1dd8f9cf5c7a,1
68dd56228d5c1dd8f9cf5c47,68dd573c8d5c1dd8f9cf5c7a,2
68dd573c8d5c1dd8f9cf5c7b,68dd573c8d5c1dd8f9cf5c7b,0
68dd56a18d5c1dd8f9cf5c69,68dd573c8d5c1dd8f9cf5c7b,1
68dd56228d5c1dd8f9cf5c47,68dd573c8d5c1dd8f9cf5c7b,2
68dd573c8d5c1dd8f9cf5c7c,68dd573c8d5c1dd8f9cf5c7c,0
68dd56a18d5c1dd8f9cf5c69,68dd573c8d5c1dd8f9cf5c7c,1
68dd56228d5c1dd8f9cf5c47,68dd573c8d5c1dd8f9cf5c7c,2
68dd573c8d5c1dd8f9cf5c7d,68dd573c8d5c1dd8f9cf5c7d,0
68dd56a18d5c1dd8f9cf5c69,68dd573c8d5c1dd8f9cf5c7d,1
68dd56228d5c1dd8f9cf5c47,68dd573c8d5c1dd8f9cf5c7d,2
68dd573c8d5c1dd8f9cf5c7e,68dd573c8d5c1dd8f9cf5c7e,0
68dd56a18d5c1dd8f9cf5c69,68dd573c8d5c1dd8f9cf5c7e,1
68dd56228d5c1dd8f9cf5c47,68dd573c8d5c1dd8f9cf5c7e,2
68dd57918d5c1dd8f9cf5c7f,68dd57918d5c1dd8f9cf5c7f,0
68dd56228d5c1dd8f9cf5c48,68dd57918d5c1dd8f9cf5c7f,1
68dd57918d5c1dd8f9cf5c80,68dd57918d5c1dd8f9cf5c80,0
68dd56228d5c1dd8f9cf5c48,68dd57918d5c1dd8f9cf5c80,1
68dd57918d5c1dd8f9cf5c81,68dd57918d5c1dd8f9cf5c81,0
68dd56228d5c1dd8f9cf5c48,68dd57918d5c1dd8f9cf5c81,1
68dd57ad8d5c1dd8f9cf5c82,68dd57ad8d5c1dd8f9cf5c82,0
68dd57918d5c1dd8f9cf5c7f,68dd57ad8d5c1dd8f9cf5c82,1
68dd56228d5c1dd8f9cf5c48,68dd57ad8d5c1dd8f9cf5c82,2
68dd57ad8d5c1dd8f9cf5c83,68dd57ad8d5c1dd8f9cf5c83,0
68dd57918d5c1dd8f9cf5c7f,68dd57ad8d5c1dd8f9cf5c83,1
68dd56228d5c1dd8f9cf5c48,68dd57ad8d5c1dd8f9cf5c83,2
68dd57ad8d5c1dd8f9cf5c84,68dd57ad8d5c1dd8f9cf5c84,0
68dd57918d5c1dd8f9cf5c7f,68dd57ad8d5c1dd8f9cf5c84,1
68dd56228d5c1dd8f9cf5c48,68dd57ad8d5c1dd8f9cf5c84,2
68dd57ad8d5c1dd8f9cf5c85,68dd57ad8d5c1dd8f9cf5c85,0
68dd57918d5c1dd8f9cf5c7f,68dd57ad8d5c1dd8f9cf5c85,1
68dd56228d5c1dd8f9cf5c48,68dd57ad8d5c1dd8f9cf5c85,2
68dd57ad8d5c1dd8f9cf5c86,68dd57ad8d5c1dd8f9cf5c86,0
68dd57918d5c1dd8f9cf5c7f,68dd57ad8d5c1dd8f9cf5c86,1
68dd56228d5c1dd8f9cf5c48,68dd57ad8d5c1dd8f9cf5c86,2
68dd57e58d5c1dd8f9cf5c87,68dd57e58d5c1dd8f9cf5c87,0
68dd56228d5c1dd8f9cf5c49,68dd57e58d5c1dd8f9cf5c87,1
68dd57e58d5c1dd8f9cf5c88,68dd57e58d5c1dd8f9cf5c88,0
68dd56228d5c1dd8f9cf5c49,68dd57e58d5c1dd8f9cf5c88,1
68dd57e58d5c1dd8f9cf5c89,68dd57e58d5c1dd8f9cf5c89,0
68dd56228d5c1dd8f9cf5c49,68dd57e58d5c1dd8f9cf5c89,1
68dd58098d5c1dd8f9cf5c8a,68dd58098d5c1dd8f9cf5c8a,0
68dd56228d5c1dd8f9cf5c4a,68dd58098d5c1dd8f9cf5c8a,1
68dd58098d5c1dd8f9cf5c8b,68dd58098d5c1dd8f9cf5c8b,0
68dd56228d5c1dd8f9cf5c4a,68dd58098d5c1dd8f9cf5c8b,1
68dd58098d5c1dd8f9cf5c8c,68dd58098d5c1dd8f9cf5c8c,0
68dd56228d5c1dd8f9cf5c4a,68dd58098d5c1dd8f9cf5c8c,1
68dd58098d5c1dd8f9cf5c8d,68dd58098d5c1dd8f9cf5c8d,0
68dd56228d5c1dd8f9cf5c4a,68dd58098d5c1dd8f9cf5c8d,1
68dd58098d5c1dd8f9cf5c8e,68dd58098d5c1dd8f9cf5c8e,0
68dd56228d5c1dd8f9cf5c4a,68dd58098d5c1dd8f9cf5c8e,1
68dd58098d5c1dd8f9cf5c8f,68dd58098d5c1dd8f9cf5c8f,0
68dd56228d5c1dd8f9cf5c4a,68dd58098d5c1dd8f9cf5c8f,1
68dd58098d5c1dd8f9cf5c90,68dd58098d5c1dd8f9cf5c90,0
68dd56228d5c1dd8f9cf5c4a,68dd58098d5c1dd8f9cf5c90,1
68dd585e8d5c1dd8f9cf5c91,68dd585e8d5c1dd8f9cf5c91,0
68dd56228d5c1dd8f9cf5c4b,68dd585e8d5c1dd8f9cf5c91,1
68dd585e8d5c1dd8f9cf5c92,68dd585e8d5c1dd8f9cf5c92,0
68dd56228d5c1dd8f9cf5c4b,68dd585e8d5c1dd8f9cf5c92,1
68dd585e8d5c1dd8f9cf5c93,68dd585e8d5c1dd8f9cf5c93,0
68dd56228d5c1dd8f9cf5c4b,68dd585e8d5c1dd8f9cf5c93,1
68dd585e8d5c1dd8f9cf5c94,68dd585e8d5c1dd8f9cf5c94,0
68dd56228d5c1dd8f9cf5c4b,68dd585e8d5c1dd8f9cf5c94,1
68dd585e8d5c1dd8f9cf5c95,68dd585e8d5c1dd8f9cf5c95,0
68dd56228d5c1dd8f9cf5c4b,68dd585e8d5c1dd8f9cf5c95,1
68dd587d8d5c1dd8f9cf5c96,68dd587d8d5c1dd8f9cf5c96,0
68dd585e8d5c1dd8f9cf5c93,68dd587d8d5c1dd8f9cf5c96,1
68dd56228d5c1dd8f9cf5c4b,68dd587d8d5c1dd8f9cf5c96,2
68dd587d8d5c1dd8f9cf5c97,68dd587d8d5c1dd8f9cf5c97,0
68dd585e8d5c1dd8f9cf5c93,68dd587d8d5c1dd8f9cf5c97,1
68dd56228d5c1dd8f9cf5c4b,68dd587d8d5c1dd8f9cf5c97,2
68dd588f8d5c1dd8f9cf5c98,68dd588f8d5c1dd8f9cf5c98,0
68dd587d8d5c1dd8f9cf5c96,68dd588f8d5c1dd8f9cf5c98,1
68dd585e8d5c1dd8f9cf5c93,68dd588f8d5c1dd8f9cf5c98,2
68dd56228d5c1dd8f9cf5c4b,68dd588f8d5c1dd8f9cf5c98,3
68dd588f8d5c1dd8f9cf5c99,68dd588f8d5c1dd8f9cf5c99,0
68dd587d8d5c1dd8f9cf5c96,68dd588f8d5c1dd8f9cf5c99,1
68dd585e8d5c1dd8f9cf5c93,68dd588f8d5c1dd8f9cf5c99,2
68dd56228d5c1dd8f9cf5c4b,68dd588f8d5c1dd8f9cf5c99,3
68dd58ab8d5c1dd8f9cf5c9a,68dd58ab8d5c1dd8f9cf5c9a,0
68dd585e8d5c1dd8f9cf5c92,68dd58ab8d5c1dd8f9cf5c9a,1
68dd56228d5c1dd8f9cf5c4b,68dd58ab8d5c1dd8f9cf5c9a,2
68dd58ab8d5c1dd8f9cf5c9b,68dd58ab8d5c1dd8f9cf5c9b,0
68dd585e8d5c1dd8f9cf5c92,68dd58ab8d5c1dd8f9cf5c9b,1
68dd56228d5c1dd8f9cf5c4b,68dd58ab8d5c1dd8f9cf5c9b,2
68dd58b68d5c1dd8f9cf5c9c,68dd58b68d5c1dd8f9cf5c9c,0
68dd58ab8d5c1dd8f9cf5c9b,68dd58b68d5c1dd8f9cf5c9c,1
68dd585e8d5c1dd8f9cf5c92,68dd58b68d5c1dd8f9cf5c9c,2
68dd56228d5c1dd8f9cf5c4b,68dd58b68d5c1dd8f9cf5c9c,3
68dd58b68d5c1dd8f9cf5c9d,68dd58b68d5c1dd8f9cf5c9d,0
68dd58ab8d5c1dd8f9cf5c9b,68dd58b68d5c1dd8f9cf5c9d,1
68dd585e8d5c1dd8f9cf5c92,68dd58b68d5c1dd8f9cf5c9d,2
68dd56228d5c1dd8f9cf5c4b,68dd58b68d5c1dd8f9cf5c9d,3
68dd58b68d5c1dd8f9cf5c9e,68dd58b68d5c1dd8f9cf5c9e,0
68dd58ab8d5c1dd8f9cf5c9b,68dd58b68d5c1dd8f9cf5c9e,1
68dd585e8d5c1dd8f9cf5c92,68dd58b68d5c1dd8f9cf5c9e,2
68dd56228d5c1dd8f9cf5c4b,68dd58b68d5c1dd8f9cf5c9e,3
68dd58dd8d5c1dd8f9cf5c9f,68dd58dd8d5c1dd8f9cf5c9f,0
68dd58ab8d5c1dd8f9cf5c9a,68dd58dd8d5c1dd8f9cf5c9f,1
68dd585e8d5c1dd8f9cf5c92,68dd58dd8d5c1dd8f9cf5c9f,2
68dd56228d5c1dd8f9cf5c4b,68dd58dd8d5c1dd8f9cf5c9f,3
68dd58dd8d5c1dd8f9cf5ca0,68dd58dd8d5c1dd8f9cf5ca0,0
68dd58ab8d5c1dd8f9cf5c9a,68dd58dd8d5c1dd8f9cf5ca0,1
68dd585e8d5c1dd8f9cf5c92,68dd58dd8d5c1dd8f9cf5ca0,2
68dd56228d5c1dd8f9cf5c4b,68dd58dd8d5c1dd8f9cf5ca0,3
68dd58f98d5c1dd8f9cf5ca1,68dd58f98d5c1dd8f9cf5ca1,0
68dd585e8d5c1dd8f9cf5c91,68dd58f98d5c1dd8f9cf5ca1,1
68dd56228d5c1dd8f9cf5c4b,68dd58f98d5c1dd8f9cf5ca1,2
68dd58f98d5c1dd8f9cf5ca2,68dd58f98d5c1dd8f9cf5ca2,0
68dd585e8d5c1dd8f9cf5c91,68dd58f98d5c1dd8f9cf5ca2,1
68dd56228d5c1dd8f9cf5c4b,68dd58f98d5c1dd8f9cf5ca2,2
68dd58f98d5c1dd8f9cf5ca3,68dd58f98d5c1dd8f9cf5ca3,0
68dd585e8d5c1dd8f9cf5c91,68dd58f98d5c1dd8f9cf5ca3,1
68dd56228d5c1dd8f9cf5c4b,68dd58f98d5c1dd8f9cf5ca3,2
68dd59178d5c1dd8f9cf5ca4,68dd59178d5c1dd8f9cf5ca4,0
68dd58f98d5c1dd8f9cf5ca1,68dd59178d5c1dd8f9cf5ca4,1
68dd585e8d5c1dd8f9cf5c91,68dd59178d5c1dd8f9cf5ca4,2
68dd56228d5c1dd8f9cf5c4b,68dd59178d5c1dd8f9cf5ca4,3
68dd59178d5c1dd8f9cf5ca5,68dd59178d5c1dd8f9cf5ca5,0
68dd58f98d5c1dd8f9cf5ca1,68dd59178d5c1dd8f9cf5ca5,1
68dd585e8d5c1dd8f9cf5c91,68dd59178d5c1dd8f9cf5ca5,2
68dd56228d5c1dd8f9cf5c4b,68dd59178d5c1dd8f9cf5ca5,3
68dd59458d5c1dd8f9cf5ca6,68dd59458d5c1dd8f9cf5ca6,0
68dd56228d5c1dd8f9cf5c4d,68dd59458d5c1dd8f9cf5ca6,1
68dd59458d5c1dd8f9cf5ca7,68dd59458d5c1dd8f9cf5ca7,0
68dd56228d5c1dd8f9cf5c4d,68dd59458d5c1dd8f9cf5ca7,1
68dd59578d5c1dd8f9cf5ca8,68dd59578d5c1dd8f9cf5ca8,0
68dd59458d5c1dd8f9cf5ca6,68dd59578d5c1dd8f9cf5ca8,1
68dd56228d5c1dd8f9cf5c4d,68dd59578d5c1dd8f9cf5ca8,2
68dd59578d5c1dd8f9cf5ca9,68dd59578d5c1dd8f9cf5ca9,0
68dd59458d5c1dd8f9cf5ca6,68dd59578d5c1dd8f9cf5ca9,1
68dd56228d5c1dd8f9cf5c4d,68dd59578d5c1dd8f9cf5ca9,2
68dd59578d5c1dd8f9cf5caa,68dd59578d5c1dd8f9cf5caa,0
68dd59458d5c1dd8f9cf5ca6,68dd59578d5c1dd8f9cf5caa,1
68dd56228d5c1dd8f9cf5c4d,68dd59578d5c1dd8f9cf5caa,2
68dd59578d5c1dd8f9cf5cab,68dd59578d5c1dd8f9cf5cab,0
68dd59458d5c1dd8f9cf5ca6,68dd59578d5c1dd8f9cf5cab,1
68dd56228d5c1dd8f9cf5c4d,68dd59578d5c1dd8f9cf5cab,2
68dd59578d5c1dd8f9cf5cac,68dd59578d5c1dd8f9cf5cac,0
68dd59458d5c1dd8f9cf5ca6,68dd59578d5c1dd8f9cf5cac,1
68dd56228d5c1dd8f9cf5c4d,68dd59578d5c1dd8f9cf5cac,2
68dd59608d5c1dd8f9cf5cad,68dd59608d5c1dd8f9cf5cad,0
68dd59578d5c1dd8f9cf5cac,68dd59608d5c1dd8f9cf5cad,1
68dd59458d5c1dd8f9cf5ca6,68dd59608d5c1dd8f9cf5cad,2
68dd56228d5c1dd8f9cf5c4d,68dd59608d5c1dd8f9cf5cad,3
68dd59608d5c1dd8f9cf5cae,68dd59608d5c1dd8f9cf5cae,0
68dd59578d5c1dd8f9cf5cac,68dd59608d5c1dd8f9cf5cae,1
68dd59458d5c1dd8f9cf5ca6,68dd59608d5c1dd8f9cf5cae,2
68dd56228d5c1dd8f9cf5c4d,68dd59608d5c1dd8f9cf5cae,3
68dd59608d5c1dd8f9cf5caf,68dd59608d5c1dd8f9cf5caf,0
68dd59578d5c1dd8f9cf5cac,68dd59608d5c1dd8f9cf5caf,1
68dd59458d5c1dd8f9cf5ca6,68dd59608d5c1dd8f9cf5caf,2
68dd56228d5c1dd8f9cf5c4d,68dd59608d5c1dd8f9cf5caf,3
68dd59608d5c1dd8f9cf5cb0,68dd59608d5c1dd8f9cf5cb0,0
68dd59578d5c1dd8f9cf5cac,68dd59608d5c1dd8f9cf5cb0,1
68dd59458d5c1dd8f9cf5ca6,68dd59608d5c1dd8f9cf5cb0,2
68dd56228d5c1dd8f9cf5c4d,68dd59608d5c1dd8f9cf5cb0,3
68dd599c8d5c1dd8f9cf5cb1,68dd599c8d5c1dd8f9cf5cb1,0
68dd59578d5c1dd8f9cf5cab,68dd599c8d5c1dd8f9cf5cb1,1
68dd59458d5c1dd8f9cf5ca6,68dd599c8d5c1dd8f9cf5cb1,2
68dd56228d5c1dd8f9cf5c4d,68dd599c8d5c1dd8f9cf5cb1,3
68dd599c8d5c1dd8f9cf5cb2,68dd599c8d5c1dd8f9cf5cb2,0
68dd59578d5c1dd8f9cf5cab,68dd599c8d5c1dd8f9cf5cb2,1
68dd59458d5c1dd8f9cf5ca6,68dd599c8d5c1dd8f9cf5cb2,2
68dd56228d5c1dd8f9cf5c4d,68dd599c8d5c1dd8f9cf5cb2,3
68dd599c8d5c1dd8f9cf5cb3,68dd599c8d5c1dd8f9cf5cb3,0
68dd59578d5c1dd8f9cf5cab,68dd599c8d5c1dd8f9cf5cb3,1
68dd59458d5c1dd8f9cf5ca6,68dd599c8d5c1dd8f9cf5cb3,2
68dd56228d5c1dd8f9cf5c4d,68dd599c8d5c1dd8f9cf5cb3,3
68dd599c8d5c1dd8f9cf5cb4,68dd599c8d5c1dd8f9cf5cb4,0
68dd59578d5c1dd8f9cf5cab,68dd599c8d5c1dd8f9cf5cb4,1
68dd59458d5c1dd8f9cf5ca6,68dd599c8d5c1dd8f9cf5cb4,2
68dd56228d5c1dd8f9cf5c4d,68dd599c8d5c1dd8f9cf5cb4,3
68dd59ca8d5c1dd8f9cf5cb5,68dd59ca8d5c1dd8f9cf5cb5,0
68dd59578d5c1dd8f9cf5caa,68dd59ca8d5c1dd8f9cf5cb5,1
68dd59458d5c1dd8f9cf5ca6,68dd59ca8d5c1dd8f9cf5cb5,2
68dd56228d5c1dd8f9cf5c4d,68dd59ca8d5c1dd8f9cf5cb5,3
68dd59ca8d5c1dd8f9cf5cb6,68dd59ca8d5c1dd8f9cf5cb6,0
68dd59578d5c1dd8f9cf5caa,68dd59ca8d5c1dd8f9cf5cb6,1
68dd59458d5c1dd8f9cf5ca6,68dd59ca8d5c1dd8f9cf5cb6,2
68dd56228d5c1dd8f9cf5c4d,68dd59ca8d5c1dd8f9cf5cb6,3
68dd59e58d5c1dd8f9cf5cb7,68dd59e58d5c1dd8f9cf5cb7,0
68dd59578d5c1dd8f9cf5ca9,68dd59e58d5c1dd8f9cf5cb7,1
68dd59458d5c1dd8f9cf5ca6,68dd59e58d5c1dd8f9cf5cb7,2
68dd56228d5c1dd8f9cf5c4d,68dd59e58d5c1dd8f9cf5cb7,3
68dd59e58d5c1dd8f9cf5cb8,68dd59e58d5c1dd8f9cf5cb8,0
68dd59578d5c1dd8f9cf5ca9,68dd59e58d5c1dd8f9cf5cb8,1
68dd59458d5c1dd8f9cf5ca6,68dd59e58d5c1dd8f9cf5cb8,2
68dd56228d5c1dd8f9cf5c4d,68dd59e58d5c1dd8f9cf5cb8,3
68dd5a018d5c1dd8f9cf5cb9,68dd5a018d5c1dd8f9cf5cb9,0
68dd59578d5c1dd8f9cf5ca8,68dd5a018d5c1dd8f9cf5cb9,1
68dd59458d5c1dd8f9cf5ca6,68dd5a018d5c1dd8f9cf5cb9,2
68dd56228d5c1dd8f9cf5c4d,68dd5a018d5c1dd8f9cf5cb9,3
68dd5a018d5c1dd8f9cf5cba,68dd5a018d5c1dd8f9cf5cba,0
68dd59578d5c1dd8f9cf5ca8,68dd5a018d5c1dd8f9cf5cba,1
68dd59458d5c1dd8f9cf5ca6,68dd5a018d5c1dd8f9cf5cba,2
68dd56228d5c1dd8f9cf5c4d,68dd5a018d5c1dd8f9cf5cba,3
68dd5a1c8d5c1dd8f9cf5cbb,68dd5a1c8d5c1dd8f9cf5cbb,0
68dd56228d5c1dd8f9cf5c4e,68dd5a1c8d5c1dd8f9cf5cbb,1
68dd5a1c8d5c1dd8f9cf5cbc,68dd5a1c8d5c1dd8f9cf5cbc,0
68dd56228d5c1dd8f9cf5c4e,68dd5a1c8d5c1dd8f9cf5cbc,1
68dd5a1c8d5c1dd8f9cf5cbd,68dd5a1c8d5c1dd8f9cf5cbd,0
68dd56228d5c1dd8f9cf5c4e,68dd5a1c8d5c1dd8f9cf5cbd,1
68dd5a1c8d5c1dd8f9cf5cbe,68dd5a1c8d5c1dd8f9cf5cbe,0
68dd56228d5c1dd8f9cf5c4e,68dd5a1c8d5c1dd8f9cf5cbe,1
68dd5a2b8d5c1dd8f9cf5cbf,68dd5a2b8d5c1dd8f9cf5cbf,0
68dd5a1c8d5c1dd8f9cf5cbe,68dd5a2b8d5c1dd8f9cf5cbf,1
68dd56228d5c1dd8f9cf5c4e,68dd5a2b8d5c1dd8f9cf5cbf,2
68dd5a2b8d5c1dd8f9cf5cc0,68dd5a2b8d5c1dd8f9cf5cc0,0
68dd5a1c8d5c1dd8f9cf5cbe,68dd5a2b8d5c1dd8f9cf5cc0,1
68dd56228d5c1dd8f9cf5c4e,68dd5a2b8d5c1dd8f9cf5cc0,2
68dd5a4a8d5c1dd8f9cf5cc1,68dd5a4a8d5c1dd8f9cf5cc1,0
68dd5a1c8d5c1dd8f9cf5cbd,68dd5a4a8d5c1dd8f9cf5cc1,1
68dd56228d5c1dd8f9cf5c4e,68dd5a4a8d5c1dd8f9cf5cc1,2
68dd5a4a8d5c1dd8f9cf5cc2,68dd5a4a8d5c1dd8f9cf5cc2,0
68dd5a1c8d5c1dd8f9cf5cbd,68dd5a4a8d5c1dd8f9cf5cc2,1
68dd56228d5c1dd8f9cf5c4e,68dd5a4a8d5c1dd8f9cf5cc2,2
68dd5a4a8d5c1dd8f9cf5cc3,68dd5a4a8d5c1dd8f9cf5cc3,0
68dd5a1c8d5c1dd8f9cf5cbd,68dd5a4a8d5c1dd8f9cf5cc3,1
68dd56228d5c1dd8f9cf5c4e,68dd5a4a8d5c1dd8f9cf5cc3,2
68dd5a6f8d5c1dd8f9cf5cc4,68dd5a6f8d5c1dd8f9cf5cc4,0
68dd5a1c8d5c1dd8f9cf5cbc,68dd5a6f8d5c1dd8f9cf5cc4,1
68dd56228d5c1dd8f9cf5c4e,68dd5a6f8d5c1dd8f9cf5cc4,2
68dd5a6f8d5c1dd8f9cf5cc5,68dd5a6f8d5c1dd8f9cf5cc5,0
68dd5a1c8d5c1dd8f9cf5cbc,68dd5a6f8d5c1dd8f9cf5cc5,1
68dd56228d5c1dd8f9cf5c4e,68dd5a6f8d5c1dd8f9cf5cc5,2
68dd5a6f8d5c1dd8f9cf5cc6,68dd5a6f8d5c1dd8f9cf5cc6,0
68dd5a1c8d5c1dd8f9cf5cbc,68dd5a6f8d5c1dd8f9cf5cc6,1
68dd56228d5c1dd8f9cf5c4e,68dd5a6f8d5c1dd8f9cf5cc6,2
68dd5a6f8d5c1dd8f9cf5cc7,68dd5a6f8d5c1dd8f9cf5cc7,0
68dd5a1c8d5c1dd8f9cf5cbc,68dd5a6f8d5c1dd8f9cf5cc7,1
68dd56228d5c1dd8f9cf5c4e,68dd5a6f8d5c1dd8f9cf5cc7,2
68dd5aa48d5c1dd8f9cf5cc8,68dd5aa48d5c1dd8f9cf5cc8,0
68dd5a1c8d5c1dd8f9cf5cbb,68dd5aa48d5c1dd8f9cf5cc8,1
68dd56228d5c1dd8f9cf5c4e,68dd5aa48d5c1dd8f9cf5cc8,2
68dd5aa48d5c1dd8f9cf5cc9,68dd5aa48d5c1dd8f9cf5cc9,0
68dd5a1c8d5c1dd8f9cf5cbb,68dd5aa48d5c1dd8f9cf5cc9,1
68dd56228d5c1dd8f9cf5c4e,68dd5aa48d5c1dd8f9cf5cc9,2
68dd5aa48d5c1dd8f9cf5cca,68dd5aa48d5c1dd8f9cf5cca,0
68dd5a1c8d5c1dd8f9cf5cbb,68dd5aa48d5c1dd8f9cf5cca,1
68dd56228d5c1dd8f9cf5c4e,68dd5aa48d5c1dd8f9cf5cca,2
68dd5aca8d5c1dd8f9cf5ccb,68dd5aca8d5c1dd8f9cf5ccb,0
68dd56228d5c1dd8f9cf5c4f,68dd5aca8d5c1dd8f9cf5ccb,1
68dd5aca8d5c1dd8f9cf5ccc,68dd5aca8d5c1dd8f9cf5ccc,0
68dd56228d5c1dd8f9cf5c4f,68dd5aca8d5c1dd8f9cf5ccc,1
68dd5ad38d5c1dd8f9cf5ccd,68dd5ad38d5c1dd8f9cf5ccd,0
68dd5aca8d5c1dd8f9cf5ccc,68dd5ad38d5c1dd8f9cf5ccd,1
68dd56228d5c1dd8f9cf5c4f,68dd5ad38d5c1dd8f9cf5ccd,2
68dd5ad38d5c1dd8f9cf5cce,68dd5ad38d5c1dd8f9cf5cce,0
68dd5aca8d5c1dd8f9cf5ccc,68dd5ad38d5c1dd8f9cf5cce,1
68dd56228d5c1dd8f9cf5c4f,68dd5ad38d5c1dd8f9cf5cce,2
68dd5adc8d5c1dd8f9cf5ccf,68dd5adc8d5c1dd8f9cf5ccf,0
68dd5ad38d5c1dd8f9cf5cce,68dd5adc8d5c1dd8f9cf5ccf,1
68dd5aca8d5c1dd8f9cf5ccc,68dd5adc8d5c1dd8f9cf5ccf,2
68dd56228d5c1dd8f9cf5c4f,68dd5adc8d5c1dd8f9cf5ccf,3
68dd5adc8d5c1dd8f9cf5cd0,68dd5adc8d5c1dd8f9cf5cd0,0
68dd5ad38d5c1dd8f9cf5cce,68dd5adc8d5c1dd8f9cf5cd0,1
68dd5aca8d5c1dd8f9cf5ccc,68dd5adc8d5c1dd8f9cf5cd0,2
68dd56228d5c1dd8f9cf5c4f,68dd5adc8d5c1dd8f9cf5cd0,3
68dd5af98d5c1dd8f9cf5cd1,68dd5af98d5c1dd8f9cf5cd1,0
68dd5ad38d5c1dd8f9cf5ccd,68dd5af98d5c1dd8f9cf5cd1,1
68dd5aca8d5c1dd8f9cf5ccc,68dd5af98d5c1dd8f9cf5cd1,2
68dd56228d5c1dd8f9cf5c4f,68dd5af98d5c1dd8f9cf5cd1,3
68dd5af98d5c1dd8f9cf5cd2,68dd5af98d5c1dd8f9cf5cd2,0
68dd5ad38d5c1dd8f9cf5ccd,68dd5af98d5c1dd8f9cf5cd2,1
68dd5aca8d5c1dd8f9cf5ccc,68dd5af98d5c1dd8f9cf5cd2,2
68dd56228d5c1dd8f9cf5c4f,68dd5af98d5c1dd8f9cf5cd2,3
68dd5af98d5c1dd8f9cf5cd3,68dd5af98d5c1dd8f9cf5cd3,0
68dd5ad38d5c1dd8f9cf5ccd,68dd5af98d5c1dd8f9cf5cd3,1
68dd5aca8d5c1dd8f9cf5ccc,68dd5af98d5c1dd8f9cf5cd3,2
68dd56228d5c1dd8f9cf5c4f,68dd5af98d5c1dd8f9cf5cd3,3
68dd5b288d5c1dd8f9cf5cd4,68dd5b288d5c1dd8f9cf5cd4,0
68dd5aca8d5c1dd8f9cf5ccb,68dd5b288d5c1dd8f9cf5cd4,1
68dd56228d5c1dd8f9cf5c4f,68dd5b288d5c1dd8f9cf5cd4,2
68dd5b288d5c1dd8f9cf5cd5,68dd5b288d5c1dd8f9cf5cd5,0
68dd5aca8d5c1dd8f9cf5ccb,68dd5b288d5c1dd8f9cf5cd5,1
68dd56228d5c1dd8f9cf5c4f,68dd5b288d5c1dd8f9cf5cd5,2
68dd5b288d5c1dd8f9cf5cd6,68dd5b288d5c1dd8f9cf5cd6,0
68dd5aca8d5c1dd8f9cf5ccb,68dd5b288d5c1dd8f9cf5cd6,1
68dd56228d5c1dd8f9cf5c4f,68dd5b288d5c1dd8f9cf5cd6,2
68dd5b288d5c1dd8f9cf5cd7,68dd5b288d5c1dd8f9cf5cd7,0
68dd5aca8d5c1dd8f9cf5ccb,68dd5b288d5c1dd8f9cf5cd7,1
68dd56228d5c1dd8f9cf5c4f,68dd5b288d5c1dd8f9cf5cd7,2
68dd5b578d5c1dd8f9cf5cd8,68dd5b578d5c1dd8f9cf5cd8,0
68dd56228d5c1dd8f9cf5c50,68dd5b578d5c1dd8f9cf5cd8,1
68dd5b578d5c1dd8f9cf5cd9,68dd5b578d5c1dd8f9cf5cd9,0
68dd56228d5c1dd8f9cf5c50,68dd5b578d5c1dd8f9cf5cd9,1
68dd5b618d5c1dd8f9cf5cda,68dd5b618d5c1dd8f9cf5cda,0
68dd5b578d5c1dd8f9cf5cd9,68dd5b618d5c1dd8f9cf5cda,1
68dd56228d5c1dd8f9cf5c50,68dd5b618d5c1dd8f9cf5cda,2
68dd5b618d5c1dd8f9cf5cdb,68dd5b618d5c1dd8f9cf5cdb,0
68dd5b578d5c1dd8f9cf5cd9,68dd5b618d5c1dd8f9cf5cdb,1
68dd56228d5c1dd8f9cf5c50,68dd5b618d5c1dd8f9cf5cdb,2
68dd5b618d5c1dd8f9cf5cdc,68dd5b618d5c1dd8f9cf5cdc,0
68dd5b578d5c1dd8f9cf5cd9,68dd5b618d5c1dd8f9cf5cdc,1
68dd56228d5c1dd8f9cf5c50,68dd5b618d5c1dd8f9cf5cdc,2
68dd5b618d5c1dd8f9cf5cdd,68dd5b618d5c1dd8f9cf5cdd,0
68dd5b578d5c1dd8f9cf5cd9,68dd5b618d5c1dd8f9cf5cdd,1
68dd56228d5c1dd8f9cf5c50,68dd5b618d5c1dd8f9cf5cdd,2
68dd5b748d5c1dd8f9cf5cde,68dd5b748d5c1dd8f9cf5cde,0
68dd5b618d5c1dd8f9cf5cdc,68dd5b748d5c1dd8f9cf5cde,1
68dd5b578d5c1dd8f9cf5cd9,68dd5b748d5c1dd8f9cf5cde,2
68dd56228d5c1dd8f9cf5c50,68dd5b748d5c1dd8f9cf5cde,3
68dd5b748d5c1dd8f9cf5cdf,68dd5b748d5c1dd8f9cf5cdf,0
68dd5b618d5c1dd8f9cf5cdc,68dd5b748d5c1dd8f9cf5cdf,1
68dd5b578d5c1dd8f9cf5cd9,68dd5b748d5c1dd8f9cf5cdf,2
68dd56228d5c1dd8f9cf5c50,68dd5b748d5c1dd8f9cf5cdf,3
68dd5b748d5c1dd8f9cf5ce0,68dd5b748d5c1dd8f9cf5ce0,0
68dd5b618d5c1dd8f9cf5cdc,68dd5b748d5c1dd8f9cf5ce0,1
68dd5b578d5c1dd8f9cf5cd9,68dd5b748d5c1dd8f9cf5ce0,2
68dd56228d5c1dd8f9cf5c50,68dd5b748d5c1dd8f9cf5ce0,3
68dd5b748d5c1dd8f9cf5ce1,68dd5b748d5c1dd8f9cf5ce1,0
68dd5b618d5c1dd8f9cf5cdc,68dd5b748d5c1dd8f9cf5ce1,1
68dd5b578d5c1dd8f9cf5cd9,68dd5b748d5c1dd8f9cf5ce1,2
68dd56228d5c1dd8f9cf5c50,68dd5b748d5c1dd8f9cf5ce1,3
68dd5ba48d5c1dd8f9cf5ce2,68dd5ba48d5c1dd8f9cf5ce2,0
68dd5b618d5c1dd8f9cf5cdb,68dd5ba48d5c1dd8f9cf5ce2,1
68dd5b578d5c1dd8f9cf5cd9,68dd5ba48d5c1dd8f9cf5ce2,2
68dd56228d5c1dd8f9cf5c50,68dd5ba48d5c1dd8f9cf5ce2,3
68dd5ba48d5c1dd8f9cf5ce3,68dd5ba48d5c1dd8f9cf5ce3,0
68dd5b618d5c1dd8f9cf5cdb,68dd5ba48d5c1dd8f9cf5ce3,1
68dd5b578d5c1dd8f9cf5cd9,68dd5ba48d5c1dd8f9cf5ce3,2
68dd56228d5c1dd8f9cf5c50,68dd5ba48d5c1dd8f9cf5ce3,3
68dd5ba48d5c1dd8f9cf5ce4,68dd5ba48d5c1dd8f9cf5ce4,0
68dd5b618d5c1dd8f9cf5cdb,68dd5ba48d5c1dd8f9cf5ce4,1
68dd5b578d5c1dd8f9cf5cd9,68dd5ba48d5c1dd8f9cf5ce4,2
68dd56228d5c1dd8f9cf5c50,68dd5ba48d5c1dd8f9cf5ce4,3
68dd5bd08d5c1dd8f9cf5ce5,68dd5bd08d5c1dd8f9cf5ce5,0
68dd5b618d5c1dd8f9cf5cda,68dd5bd08d5c1dd8f9cf5ce5,1
68dd5b578d5c1dd8f9cf5cd9,68dd5bd08d5c1dd8f9cf5ce5,2
68dd56228d5c1dd8f9cf5c50,68dd5bd08d5c1dd8f9cf5ce5,3
68dd5bd08d5c1dd8f9cf5ce6,68dd5bd08d5c1dd8f9cf5ce6,0
68dd5b618d5c1dd8f9cf5cda,68dd5bd08d5c1dd8f9cf5ce6,1
68dd5b578d5c1dd8f9cf5cd9,68dd5bd08d5c1dd8f9cf5ce6,2
68dd56228d5c1dd8f9cf5c50,68dd5bd08d5c1dd8f9cf5ce6,3
68dd5bd08d5c1dd8f9cf5ce7,68dd5bd08d5c1dd8f9cf5ce7,0
68dd5b618d5c1dd8f9cf5cda,68dd5bd08d5c1dd8f9cf5ce7,1
68dd5b578d5c1dd8f9cf5cd9,68dd5bd08d5c1dd8f9cf5ce7,2
68dd56228d5c1dd8f9cf5c50,68dd5bd08d5c1dd8f9cf5ce7,3
68dd5bd08d5c1dd8f9cf5ce8,68dd5bd08d5c1dd8f9cf5ce8,0
68dd5b618d5c1dd8f9cf5cda,68dd5bd08d5c1dd8f9cf5ce8,1
68dd5b578d5c1dd8f9cf5cd9,68dd5bd08d5c1dd8f9cf5ce8,2
68dd56228d5c1dd8f9cf5c50,68dd5bd08d5c1dd8f9cf5ce8,3
68dd5bd08d5c1dd8f9cf5ce9,68dd5bd08d5c1dd8f9cf5ce9,0
68dd5b618d5c1dd8f9cf5cda,68dd5bd08d5c1dd8f9cf5ce9,1
68dd5b578d5c1dd8f9cf5cd9,68dd5bd08d5c1dd8f9cf5ce9,2
68dd56228d5c1dd8f9cf5c50,68dd5bd08d5c1dd8f9cf5ce9,3
68dd5bd08d5c1dd8f9cf5cea,68dd5bd08d5c1dd8f9cf5cea,0
68dd5b618d5c1dd8f9cf5cda,68dd5bd08d5c1dd8f9cf5cea,1
68dd5b578d5c1dd8f9cf5cd9,68dd5bd08d5c1dd8f9cf5cea,2
68dd56228d5c1dd8f9cf5c50,68dd5bd08d5c1dd8f9cf5cea,3
68dd5c198d5c1dd8f9cf5ceb,68dd5c198d5c1dd8f9cf5ceb,0
68dd5b578d5c1dd8f9cf5cd8,68dd5c198d5c1dd8f9cf5ceb,1
68dd56228d5c1dd8f9cf5c50,68dd5c198d5c1dd8f9cf5ceb,2
68dd5c198d5c1dd8f9cf5cec,68dd5c198d5c1dd8f9cf5cec,0
68dd5b578d5c1dd8f9cf5cd8,68dd5c198d5c1dd8f9cf5cec,1
68dd56228d5c1dd8f9cf5c50,68dd5c198d5c1dd8f9cf5cec,2
68dd5c228d5c1dd8f9cf5ced,68dd5c228d5c1dd8f9cf5ced,0
68dd5c198d5c1dd8f9cf5cec,68dd5c228d5c1dd8f9cf5ced,1
68dd5b578d5c1dd8f9cf5cd8,68dd5c228d5c1dd8f9cf5ced,2
68dd56228d5c1dd8f9cf5c50,68dd5c228d5c1dd8f9cf5ced,3
68dd5c358d5c1dd8f9cf5cee,68dd5c358d5c1dd8f9cf5cee,0
68dd5c198d5c1dd8f9cf5ceb,68dd5c358d5c1dd8f9cf5cee,1
68dd5b578d5c1dd8f9cf5cd8,68dd5c358d5c1dd8f9cf5cee,2
68dd56228d5c1dd8f9cf5c50,68dd5c358d5c1dd8f9cf5cee,3
68dd5c358d5c1dd8f9cf5cef,68dd5c358d5c1dd8f9cf5cef,0
68dd5c198d5c1dd8f9cf5ceb,68dd5c358d5c1dd8f9cf5cef,1
68dd5b578d5c1dd8f9cf5cd8,68dd5c358d5c1dd8f9cf5cef,2
68dd56228d5c1dd8f9cf5c50,68dd5c358d5c1dd8f9cf5cef,3
68dd5c358d5c1dd8f9cf5cf0,68dd5c358d5c1dd8f9cf5cf0,0
68dd5c198d5c1dd8f9cf5ceb,68dd5c358d5c1dd8f9cf5cf0,1
68dd5b578d5c1dd8f9cf5cd8,68dd5c358d5c1dd8f9cf5cf0,2
68dd56228d5c1dd8f9cf5c50,68dd5c358d5c1dd8f9cf5cf0,3
68dd5c5b8d5c1dd8f9cf5cf1,68dd5c5b8d5c1dd8f9cf5cf1,0
68dd56228d5c1dd8f9cf5c51,68dd5c5b8d5c1dd8f9cf5cf1,1
68dd5c5b8d5c1dd8f9cf5cf2,68dd5c5b8d5c1dd8f9cf5cf2,0
68dd56228d5c1dd8f9cf5c51,68dd5c5b8d5c1dd8f9cf5cf2,1
68dd5c5b8d5c1dd8f9cf5cf3,68dd5c5b8d5c1dd8f9cf5cf3,0
68dd56228d5c1dd8f9cf5c51,68dd5c5b8d5c1dd8f9cf5cf3,1
68dd5c5b8d5c1dd8f9cf5cf4,68dd5c5b8d5c1dd8f9cf5cf4,0
68dd56228d5c1dd8f9cf5c51,68dd5c5b8d5c1dd8f9cf5cf4,1
68dd5c8e8d5c1dd8f9cf5cf5,68dd5c8e8d5c1dd8f9cf5cf5,0
68dd56228d5c1dd8f9cf5c52,68dd5c8e8d5c1dd8f9cf5cf5,1
68dd5c8e8d5c1dd8f9cf5cf6,68dd5c8e8d5c1dd8f9cf5cf6,0
68dd56228d5c1dd8f9cf5c52,68dd5c8e8d5c1dd8f9cf5cf6,1
68dd5c8e8d5c1dd8f9cf5cf7,68dd5c8e8d5c1dd8f9cf5cf7,0
68dd56228d5c1dd8f9cf5c52,68dd5c8e8d5c1dd8f9cf5cf7,1
68dd5c8e8d5c1dd8f9cf5cf8,68dd5c8e8d5c1dd8f9cf5cf8,0
68dd56228d5c1dd8f9cf5c52,68dd5c8e8d5c1dd8f9cf5cf8,1
68dd5c8e8d5c1dd8f9cf5cf9,68dd5c8e8d5c1dd8f9cf5cf9,0
68dd56228d5c1dd8f9cf5c52,68dd5c8e8d5c1dd8f9cf5cf9,1
68dd5c8e8d5c1dd8f9cf5cfa,68dd5c8e8d5c1dd8f9cf5cfa,0
68dd56228d5c1dd8f9cf5c52,68dd5c8e8d5c1dd8f9cf5cfa,1
68dd5cb38d5c1dd8f9cf5cfb,68dd5cb38d5c1dd8f9cf5cfb,0
68dd5c8e8d5c1dd8f9cf5cf7,68dd5cb38d5c1dd8f9cf5cfb,1
68dd56228d5c1dd8f9cf5c52,68dd5cb38d5c1dd8f9cf5cfb,2
68dd5cb38d5c1dd8f9cf5cfc,68dd5cb38d5c1dd8f9cf5cfc,0
68dd5c8e8d5c1dd8f9cf5cf7,68dd5cb38d5c1dd8f9cf5cfc,1
68dd56228d5c1dd8f9cf5c52,68dd5cb38d5c1dd8f9cf5cfc,2
68dd5cce8d5c1dd8f9cf5cfd,68dd5cce8d5c1dd8f9cf5cfd,0
68dd5c8e8d5c1dd8f9cf5cf6,68dd5cce8d5c1dd8f9cf5cfd,1
68dd56228d5c1dd8f9cf5c52,68dd5cce8d5c1dd8f9cf5cfd,2
68dd5cce8d5c1dd8f9cf5cfe,68dd5cce8d5c1dd8f9cf5cfe,0
68dd5c8e8d5c1dd8f9cf5cf6,68dd5cce8d5c1dd8f9cf5cfe,1
68dd56228d5c1dd8f9cf5c52,68dd5cce8d5c1dd8f9cf5cfe,2
68dd5cce8d5c1dd8f9cf5cff,68dd5cce8d5c1dd8f9cf5cff,0
68dd5c8e8d5c1dd8f9cf5cf6,68dd5cce8d5c1dd8f9cf5cff,1
68dd56228d5c1dd8f9cf5c52,68dd5cce8d5c1dd8f9cf5cff,2
68dd5cce8d5c1dd8f9cf5d00,68dd5cce8d5c1dd8f9cf5d00,0
68dd5c8e8d5c1dd8f9cf5cf6,68dd5cce8d5c1dd8f9cf5d00,1
68dd56228d5c1dd8f9cf5c52,68dd5cce8d5c1dd8f9cf5d00,2
68dd5cfd8d5c1dd8f9cf5d01,68dd5cfd8d5c1dd8f9cf5d01,0
68dd5c8e8d5c1dd8f9cf5cf5,68dd5cfd8d5c1dd8f9cf5d01,1
68dd56228d5c1dd8f9cf5c52,68dd5cfd8d5c1dd8f9cf5d01,2
68dd5cfd8d5c1dd8f9cf5d02,68dd5cfd8d5c1dd8f9cf5d02,0
68dd5c8e8d5c1dd8f9cf5cf5,68dd5cfd8d5c1dd8f9cf5d02,1
68dd56228d5c1dd8f9cf5c52,68dd5cfd8d5c1dd8f9cf5d02,2
68dd5cfd8d5c1dd8f9cf5d03,68dd5cfd8d5c1dd8f9cf5d03,0
68dd5c8e8d5c1dd8f9cf5cf5,68dd5cfd8d5c1dd8f9cf5d03,1
68dd56228d5c1dd8f9cf5c52,68dd5cfd8d5c1dd8f9cf5d03,2
68dd5d1a8d5c1dd8f9cf5d04,68dd5d1a8d5c1dd8f9cf5d04,0
68dd5cfd8d5c1dd8f9cf5d01,68dd5d1a8d5c1dd8f9cf5d04,1
68dd5c8e8d5c1dd8f9cf5cf5,68dd5d1a8d5c1dd8f9cf5d04,2
68dd56228d5c1dd8f9cf5c52,68dd5d1a8d5c1dd8f9cf5d04,3
68dd5d1a8d5c1dd8f9cf5d05,68dd5d1a8d5c1dd8f9cf5d05,0
68dd5cfd8d5c1dd8f9cf5d01,68dd5d1a8d5c1dd8f9cf5d05,1
68dd5c8e8d5c1dd8f9cf5cf5,68dd5d1a8d5c1dd8f9cf5d05,2
68dd56228d5c1dd8f9cf5c52,68dd5d1a8d5c1dd8f9cf5d05,3
68dd5d368d5c1dd8f9cf5d06,68dd5d368d5c1dd8f9cf5d06,0
68dd56228d5c1dd8f9cf5c53,68dd5d368d5c1dd8f9cf5d06,1
68dd5d368d5c1dd8f9cf5d07,68dd5d368d5c1dd8f9cf5d07,0
68dd56228d5c1dd8f9cf5c53,68dd5d368d5c1dd8f9cf5d07,1
68dd5d408d5c1dd8f9cf5d08,68dd5d408d5c1dd8f9cf5d08,0
68dd5d368d5c1dd8f9cf5d07,68dd5d408d5c1dd8f9cf5d08,1
68dd56228d5c1dd8f9cf5c53,68dd5d408d5c1dd8f9cf5d08,2
68dd5d408d5c1dd8f9cf5d09,68dd5d408d5c1dd8f9cf5d09,0
68dd5d368d5c1dd8f9cf5d07,68dd5d408d5c1dd8f9cf5d09,1
68dd56228d5c1dd8f9cf5c53,68dd5d408d5c1dd8f9cf5d09,2
68dd5d408d5c1dd8f9cf5d0a,68dd5d408d5c1dd8f9cf5d0a,0
68dd5d368d5c1dd8f9cf5d07,68dd5d408d5c1dd8f9cf5d0a,1
68dd56228d5c1dd8f9cf5c53,68dd5d408d5c1dd8f9cf5d0a,2
68dd5d528d5c1dd8f9cf5d0b,68dd5d528d5c1dd8f9cf5d0b,0
68dd5d408d5c1dd8f9cf5d09,68dd5d528d5c1dd8f9cf5d0b,1
68dd5d368d5c1dd8f9cf5d07,68dd5d528d5c1dd8f9cf5d0b,2
68dd56228d5c1dd8f9cf5c53,68dd5d528d5c1dd8f9cf5d0b,3
68dd5d528d5c1dd8f9cf5d0c,68dd5d528d5c1dd8f9cf5d0c,0
68dd5d408d5c1dd8f9cf5d09,68dd5d528d5c1dd8f9cf5d0c,1
68dd5d368d5c1dd8f9cf5d07,68dd5d528d5c1dd8f9cf5d0c,2
68dd56228d5c1dd8f9cf5c53,68dd5d528d5c1dd8f9cf5d0c,3
68dd5d6f8d5c1dd8f9cf5d0d,68dd5d6f8d5c1dd8f9cf5d0d,0
68dd5d408d5c1dd8f9cf5d08,68dd5d6f8d5c1dd8f9cf5d0d,1
68dd5d368d5c1dd8f9cf5d07,68dd5d6f8d5c1dd8f9cf5d0d,2
68dd56228d5c1dd8f9cf5c53,68dd5d6f8d5c1dd8f9cf5d0d,3
68dd5d6f8d5c1dd8f9cf5d0e,68dd5d6f8d5c1dd8f9cf5d0e,0
68dd5d408d5c1dd8f9cf5d08,68dd5d6f8d5c1dd8f9cf5d0e,1
68dd5d368d5c1dd8f9cf5d07,68dd5d6f8d5c1dd8f9cf5d0e,2
68dd56228d5c1dd8f9cf5c53,68dd5d6f8d5c1dd8f9cf5d0e,3
68dd5d8b8d5c1dd8f9cf5d0f,68dd5d8b8d5c1dd8f9cf5d0f,0
68dd5d368d5c1dd8f9cf5d06,68dd5d8b8d5c1dd8f9cf5d0f,1
68dd56228d5c1dd8f9cf5c53,68dd5d8b8d5c1dd8f9cf5d0f,2
68dd5d8b8d5c1dd8f9cf5d10,68dd5d8b8d5c1dd8f9cf5d10,0
68dd5d368d5c1dd8f9cf5d06,68dd5d8b8d5c1dd8f9cf5d10,1
68dd56228d5c1dd8f9cf5c53,68dd5d8b8d5c1dd8f9cf5d10,2
68dd5da88d5c1dd8f9cf5d11,68dd5da88d5c1dd8f9cf5d11,0
68dd56228d5c1dd8f9cf5c54,68dd5da88d5c1dd8f9cf5d11,1
68dd5da88d5c1dd8f9cf5d12,68dd5da88d5c1dd8f9cf5d12,0
68dd56228d5c1dd8f9cf5c54,68dd5da88d5c1dd8f9cf5d12,1
68dd5da88d5c1dd8f9cf5d13,68dd5da88d5c1dd8f9cf5d13,0
68dd56228d5c1dd8f9cf5c54,68dd5da88d5c1dd8f9cf5d13,1
68dd5da88d5c1dd8f9cf5d14,68dd5da88d5c1dd8f9cf5d14,0
68dd56228d5c1dd8f9cf5c54,68dd5da88d5c1dd8f9cf5d14,1
68dd5dd68d5c1dd8f9cf5d15,68dd5dd68d5c1dd8f9cf5d15,0
68dd56228d5c1dd8f9cf5c55,68dd5dd68d5c1dd8f9cf5d15,1
68dd5dd68d5c1dd8f9cf5d16,68dd5dd68d5c1dd8f9cf5d16,0
68dd56228d5c1dd8f9cf5c55,68dd5dd68d5c1dd8f9cf5d16,1
68dd5dd68d5c1dd8f9cf5d17,68dd5dd68d5c1dd8f9cf5d17,0
68dd56228d5c1dd8f9cf5c55,68dd5dd68d5c1dd8f9cf5d17,1
68dd5dd68d5c1dd8f9cf5d18,68dd5dd68d5c1dd8f9cf5d18,0
68dd56228d5c1dd8f9cf5c55,68dd5dd68d5c1dd8f9cf5d18,1
68dd5dd68d5c1dd8f9cf5d19,68dd5dd68d5c1dd8f9cf5d19,0
68dd56228d5c1dd8f9cf5c55,68dd5dd68d5c1dd8f9cf5d19,1
68dd5dfa8d5c1dd8f9cf5d1a,68dd5dfa8d5c1dd8f9cf5d1a,0
68dd5dd68d5c1dd8f9cf5d16,68dd5dfa8d5c1dd8f9cf5d1a,1
68dd56228d5c1dd8f9cf5c55,68dd5dfa8d5c1dd8f9cf5d1a,2
68dd5dfa8d5c1dd8f9cf5d1b,68dd5dfa8d5c1dd8f9cf5d1b,0
68dd5dd68d5c1dd8f9cf5d16,68dd5dfa8d5c1dd8f9cf5d1b,1
68dd56228d5c1dd8f9cf5c55,68dd5dfa8d5c1dd8f9cf5d1b,2
68dd5dfa8d5c1dd8f9cf5d1c,68dd5dfa8d5c1dd8f9cf5d1c,0
68dd5dd68d5c1dd8f9cf5d16,68dd5dfa8d5c1dd8f9cf5d1c,1
68dd56228d5c1dd8f9cf5c55,68dd5dfa8d5c1dd8f9cf5d1c,2
68dd5dfa8d5c1dd8f9cf5d1d,68dd5dfa8d5c1dd8f9cf5d1d,0
68dd5dd68d5c1dd8f9cf5d16,68dd5dfa8d5c1dd8f9cf5d1d,1
68dd56228d5c1dd8f9cf5c55,68dd5dfa8d5c1dd8f9cf5d1d,2
68dd5e388d5c1dd8f9cf5d1e,68dd5e388d5c1dd8f9cf5d1e,0
68dd5dd68d5c1dd8f9cf5d15,68dd5e388d5c1dd8f9cf5d1e,1
68dd56228d5c1dd8f9cf5c55,68dd5e388d5c1dd8f9cf5d1e,2
68dd5e388d5c1dd8f9cf5d1f,68dd5e388d5c1dd8f9cf5d1f,0
68dd5dd68d5c1dd8f9cf5d15,68dd5e388d5c1dd8f9cf5d1f,1
68dd56228d5c1dd8f9cf5c55,68dd5e388d5c1dd8f9cf5d1f,2
68dd5e388d5c1dd8f9cf5d20,68dd5e388d5c1dd8f9cf5d20,0
68dd5dd68d5c1dd8f9cf5d15,68dd5e388d5c1dd8f9cf5d20,1
68dd56228d5c1dd8f9cf5c55,68dd5e388d5c1dd8f9cf5d20,2
68dd5e388d5c1dd8f9cf5d21,68dd5e388d5c1dd8f9cf5d21,0
68dd5dd68d5c1dd8f9cf5d15,68dd5e388d5c1dd8f9cf5d21,1
68dd56228d5c1dd8f9cf5c55,68dd5e388d5c1dd8f9cf5d21,2
68dd5e388d5c1dd8f9cf5d22,68dd5e388d5c1dd8f9cf5d22,0
68dd5dd68d5c1dd8f9cf5d15,68dd5e388d5c1dd8f9cf5d22,1
68dd56228d5c1dd8f9cf5c55,68dd5e388d5c1dd8f9cf5d22,2
68dd5e388d5c1dd8f9cf5d23,68dd5e388d5c1dd8f9cf5d23,0
68dd5dd68d5c1dd8f9cf5d15,68dd5e388d5c1dd8f9cf5d23,1
68dd56228d5c1dd8f9cf5c55,68dd5e388d5c1dd8f9cf5d23,2
68dd5e388d5c1dd8f9cf5d24,68dd5e388d5c1dd8f9cf5d24,0
68dd5dd68d5c1dd8f9cf5d15,68dd5e388d5c1dd8f9cf5d24,1
68dd56228d5c1dd8f9cf5c55,68dd5e388d5c1dd8f9cf5d24,2
68dd5e848d5c1dd8f9cf5d25,68dd5e848d5c1dd8f9cf5d25,0
68dd56228d5c1dd8f9cf5c56,68dd5e848d5c1dd8f9cf5d25,1
68dd5e848d5c1dd8f9cf5d26,68dd5e848d5c1dd8f9cf5d26,0
68dd56228d5c1dd8f9cf5c56,68dd5e848d5c1dd8f9cf5d26,1
68dd5e848d5c1dd8f9cf5d27,68dd5e848d5c1dd8f9cf5d27,0
68dd56228d5c1dd8f9cf5c56,68dd5e848d5c1dd8f9cf5d27,1
68dd5e848d5c1dd8f9cf5d28,68dd5e848d5c1dd8f9cf5d28,0
68dd56228d5c1dd8f9cf5c56,68dd5e848d5c1dd8f9cf5d28,1
68dd5e848d5c1dd8f9cf5d29,68dd5e848d5c1dd8f9cf5d29,0
68dd56228d5c1dd8f9cf5c56,68dd5e848d5c1dd8f9cf5d29,1
68dd5e848d5c1dd8f9cf5d2a,68dd5e848d5c1dd8f9cf5d2a,0
68dd56228d5c1dd8f9cf5c56,68dd5e848d5c1dd8f9cf5d2a,1
68dd5ec48d5c1dd8f9cf5d2b,68dd5ec48d5c1dd8f9cf5d2b,0
68dd56228d5c1dd8f9cf5c57,68dd5ec48d5c1dd8f9cf5d2b,1
68dd5ec48d5c1dd8f9cf5d2c,68dd5ec48d5c1dd8f9cf5d2c,0
68dd56228d5c1dd8f9cf5c57,68dd5ec48d5c1dd8f9cf5d2c,1
68dd5ec48d5c1dd8f9cf5d2d,68dd5ec48d5c1dd8f9cf5d2d,0
68dd56228d5c1dd8f9cf5c57,68dd5ec48d5c1dd8f9cf5d2d,1
68dd5ed78d5c1dd8f9cf5d2e,68dd5ed78d5c1dd8f9cf5d2e,0
68dd5ec48d5c1dd8f9cf5d2c,68dd5ed78d5c1dd8f9cf5d2e,1
68dd56228d5c1dd8f9cf5c57,68dd5ed78d5c1dd8f9cf5d2e,2
68dd5ed78d5c1dd8f9cf5d2f,68dd5ed78d5c1dd8f9cf5d2f,0
68dd5ec48d5c1dd8f9cf5d2c,68dd5ed78d5c1dd8f9cf5d2f,1
68dd56228d5c1dd8f9cf5c57,68dd5ed78d5c1dd8f9cf5d2f,2
68dd5ed78d5c1dd8f9cf5d30,68dd5ed78d5c1dd8f9cf5d30,0
68dd5ec48d5c1dd8f9cf5d2c,68dd5ed78d5c1dd8f9cf5d30,1
68dd56228d5c1dd8f9cf5c57,68dd5ed78d5c1dd8f9cf5d30,2
68dd5ef58d5c1dd8f9cf5d31,68dd5ef58d5c1dd8f9cf5d31,0
68dd5ed78d5c1dd8f9cf5d2e,68dd5ef58d5c1dd8f9cf5d31,1
68dd5ec48d5c1dd8f9cf5d2c,68dd5ef58d5c1dd8f9cf5d31,2
68dd56228d5c1dd8f9cf5c57,68dd5ef58d5c1dd8f9cf5d31,3
68dd5ef58d5c1dd8f9cf5d32,68dd5ef58d5c1dd8f9cf5d32,0
68dd5ed78d5c1dd8f9cf5d2e,68dd5ef58d5c1dd8f9cf5d32,1
68dd5ec48d5c1dd8f9cf5d2c,68dd5ef58d5c1dd8f9cf5d32,2
68dd56228d5c1dd8f9cf5c57,68dd5ef58d5c1dd8f9cf5d32,3
68dd5f128d5c1dd8f9cf5d33,68dd5f128d5c1dd8f9cf5d33,0
68dd5ec48d5c1dd8f9cf5d2b,68dd5f128d5c1dd8f9cf5d33,1
68dd56228d5c1dd8f9cf5c57,68dd5f128d5c1dd8f9cf5d33,2
68dd5f128d5c1dd8f9cf5d34,68dd5f128d5c1dd8f9cf5d34,0
68dd5ec48d5c1dd8f9cf5d2b,68dd5f128d5c1dd8f9cf5d34,1
68dd56228d5c1dd8f9cf5c57,68dd5f128d5c1dd8f9cf5d34,2
68dd5f128d5c1dd8f9cf5d35,68dd5f128d5c1dd8f9cf5d35,0
68dd5ec48d5c1dd8f9cf5d2b,68dd5f128d5c1dd8f9cf5d35,1
68dd56228d5c1dd8f9cf5c57,68dd5f128d5c1dd8f9cf5d35,2
68dd5f128d5c1dd8f9cf5d36,68dd5f128d5c1dd8f9cf5d36,0
68dd5ec48d5c1dd8f9cf5d2b,68dd5f128d5c1dd8f9cf5d36,1
68dd56228d5c1dd8f9cf5c57,68dd5f128d5c1dd8f9cf5d36,2
68dd5f3f8d5c1dd8f9cf5d37,68dd5f3f8d5c1dd8f9cf5d37,0
68dd5f128d5c1dd8f9cf5d33,68dd5f3f8d5c1dd8f9cf5d37,1
68dd5ec48d5c1dd8f9cf5d2b,68dd5f3f8d5c1dd8f9cf5d37,2
68dd56228d5c1dd8f9cf5c57,68dd5f3f8d5c1dd8f9cf5d37,3
68dd5f3f8d5c1dd8f9cf5d38,68dd5f3f8d5c1dd8f9cf5d38,0
68dd5f128d5c1dd8f9cf5d33,68dd5f3f8d5c1dd8f9cf5d38,1
68dd5ec48d5c1dd8f9cf5d2b,68dd5f3f8d5c1dd8f9cf5d38,2
68dd56228d5c1dd8f9cf5c57,68dd5f3f8d5c1dd8f9cf5d38,3
68dd5f3f8d5c1dd8f9cf5d39,68dd5f3f8d5c1dd8f9cf5d39,0
68dd5f128d5c1dd8f9cf5d33,68dd5f3f8d5c1dd8f9cf5d39,1
68dd5ec48d5c1dd8f9cf5d2b,68dd5f3f8d5c1dd8f9cf5d39,2
68dd56228d5c1dd8f9cf5c57,68dd5f3f8d5c1dd8f9cf5d39,3
68dd5f3f8d5c1dd8f9cf5d3a,68dd5f3f8d5c1dd8f9cf5d3a,0
68dd5f128d5c1dd8f9cf5d33,68dd5f3f8d5c1dd8f9cf5d3a,1
68dd5ec48d5c1dd8f9cf5d2b,68dd5f3f8d5c1dd8f9cf5d3a,2
68dd56228d5c1dd8f9cf5c57,68dd5f3f8d5c1dd8f9cf5d3a,3
68dd5f718d5c1dd8f9cf5d3b,68dd5f718d5c1dd8f9cf5d3b,0
68dd56228d5c1dd8f9cf5c58,68dd5f718d5c1dd8f9cf5d3b,1
68dd5f718d5c1dd8f9cf5d3c,68dd5f718d5c1dd8f9cf5d3c,0
68dd56228d5c1dd8f9cf5c58,68dd5f718d5c1dd8f9cf5d3c,1
68dd5f7b8d5c1dd8f9cf5d3d,68dd5f7b8d5c1dd8f9cf5d3d,0
68dd5f718d5c1dd8f9cf5d3c,68dd5f7b8d5c1dd8f9cf5d3d,1
68dd56228d5c1dd8f9cf5c58,68dd5f7b8d5c1dd8f9cf5d3d,2
68dd5f7b8d5c1dd8f9cf5d3e,68dd5f7b8d5c1dd8f9cf5d3e,0
68dd5f718d5c1dd8f9cf5d3c,68dd5f7b8d5c1dd8f9cf5d3e,1
68dd56228d5c1dd8f9cf5c58,68dd5f7b8d5c1dd8f9cf5d3e,2
68dd5f7b8d5c1dd8f9cf5d3f,68dd5f7b8d5c1dd8f9cf5d3f,0
68dd5f718d5c1dd8f9cf5d3c,68dd5f7b8d5c1dd8f9cf5d3f,1
68dd56228d5c1dd8f9cf5c58,68dd5f7b8d5c1dd8f9cf5d3f,2
68dd5fa28d5c1dd8f9cf5d40,68dd5fa28d5c1dd8f9cf5d40,0
68dd5f718d5c1dd8f9cf5d3b,68dd5fa28d5c1dd8f9cf5d40,1
68dd56228d5c1dd8f9cf5c58,68dd5fa28d5c1dd8f9cf5d40,2
68dd5fa28d5c1dd8f9cf5d41,68dd5fa28d5c1dd8f9cf5d41,0
68dd5f718d5c1dd8f9cf5d3b,68dd5fa28d5c1dd8f9cf5d41,1
68dd56228d5c1dd8f9cf5c58,68dd5fa28d5c1dd8f9cf5d41,2
68dd5fa28d5c1dd8f9cf5d42,68dd5fa28d5c1dd8f9cf5d42,0
68dd5f718d5c1dd8f9cf5d3b,68dd5fa28d5c1dd8f9cf5d42,1
68dd56228d5c1dd8f9cf5c58,68dd5fa28d5c1dd8f9cf5d42,2
68dd5fa28d5c1dd8f9cf5d43,68dd5fa28d5c1dd8f9cf5d43,0
68dd5f718d5c1dd8f9cf5d3b,68dd5fa28d5c1dd8f9cf5d43,1
68dd56228d5c1dd8f9cf5c58,68dd5fa28d5c1dd8f9cf5d43,2
68dd5fc78d5c1dd8f9cf5d44,68dd5fc78d5c1dd8f9cf5d44,0
68dd5fa28d5c1dd8f9cf5d40,68dd5fc78d5c1dd8f9cf5d44,1
68dd5f718d5c1dd8f9cf5d3b,68dd5fc78d5c1dd8f9cf5d44,2
68dd56228d5c1dd8f9cf5c58,68dd5fc78d5c1dd8f9cf5d44,3
68dd5fc78d5c1dd8f9cf5d45,68dd5fc78d5c1dd8f9cf5d45,0
68dd5fa28d5c1dd8f9cf5d40,68dd5fc78d5c1dd8f9cf5d45,1
68dd5f718d5c1dd8f9cf5d3b,68dd5fc78d5c1dd8f9cf5d45,2
68dd56228d5c1dd8f9cf5c58,68dd5fc78d5c1dd8f9cf5d45,3
68dd5fe58d5c1dd8f9cf5d46,68dd5fe58d5c1dd8f9cf5d46,0
68dd56228d5c1dd8f9cf5c59,68dd5fe58d5c1dd8f9cf5d46,1
68dd5fe58d5c1dd8f9cf5d47,68dd5fe58d5c1dd8f9cf5d47,0
68dd56228d5c1dd8f9cf5c59,68dd5fe58d5c1dd8f9cf5d47,1
68dd5fee8d5c1dd8f9cf5d48,68dd5fee8d5c1dd8f9cf5d48,0
68dd5fe58d5c1dd8f9cf5d47,68dd5fee8d5c1dd8f9cf5d48,1
68dd56228d5c1dd8f9cf5c59,68dd5fee8d5c1dd8f9cf5d48,2
68dd5fee8d5c1dd8f9cf5d49,68dd5fee8d5c1dd8f9cf5d49,0
68dd5fe58d5c1dd8f9cf5d47,68dd5fee8d5c1dd8f9cf5d49,1
68dd56228d5c1dd8f9cf5c59,68dd5fee8d5c1dd8f9cf5d49,2
68dd5fee8d5c1dd8f9cf5d4a,68dd5fee8d5c1dd8f9cf5d4a,0
68dd5fe58d5c1dd8f9cf5d47,68dd5fee8d5c1dd8f9cf5d4a,1
68dd56228d5c1dd8f9cf5c59,68dd5fee8d5c1dd8f9cf5d4a,2
68dd5fee8d5c1dd8f9cf5d4b,68dd5fee8d5c1dd8f9cf5d4b,0
68dd5fe58d5c1dd8f9cf5d47,68dd5fee8d5c1dd8f9cf5d4b,1
68dd56228d5c1dd8f9cf5c59,68dd5fee8d5c1dd8f9cf5d4b,2
68dd5fee8d5c1dd8f9cf5d4c,68dd5fee8d5c1dd8f9cf5d4c,0
68dd5fe58d5c1dd8f9cf5d47,68dd5fee8d5c1dd8f9cf5d4c,1
68dd56228d5c1dd8f9cf5c59,68dd5fee8d5c1dd8f9cf5d4c,2
68dd5ff78d5c1dd8f9cf5d4d,68dd5ff78d5c1dd8f9cf5d4d,0
68dd5fee8d5c1dd8f9cf5d4c,68dd5ff78d5c1dd8f9cf5d4d,1
68dd5fe58d5c1dd8f9cf5d47,68dd5ff78d5c1dd8f9cf5d4d,2
68dd56228d5c1dd8f9cf5c59,68dd5ff78d5c1dd8f9cf5d4d,3
68dd5ff78d5c1dd8f9cf5d4e,68dd5ff78d5c1dd8f9cf5d4e,0
68dd5fee8d5c1dd8f9cf5d4c,68dd5ff78d5c1dd8f9cf5d4e,1
68dd5fe58d5c1dd8f9cf5d47,68dd5ff78d5c1dd8f9cf5d4e,2
68dd56228d5c1dd8f9cf5c59,68dd5ff78d5c1dd8f9cf5d4e,3
68dd5ff78d5c1dd8f9cf5d4f,68dd5ff78d5c1dd8f9cf5d4f,0
68dd5fee8d5c1dd8f9cf5d4c,68dd5ff78d5c1dd8f9cf5d4f,1
68dd5fe58d5c1dd8f9cf5d47,68dd5ff78d5c1dd8f9cf5d4f,2
68dd56228d5c1dd8f9cf5c59,68dd5ff78d5c1dd8f9cf5d4f,3
68dd5ff78d5c1dd8f9cf5d50,68dd5ff78d5c1dd8f9cf5d50,0
68dd5fee8d5c1dd8f9cf5d4c,68dd5ff78d5c1dd8f9cf5d50,1
68dd5fe58d5c1dd8f9cf5d47,68dd5ff78d5c1dd8f9cf5d50,2
68dd56228d5c1dd8f9cf5c59,68dd5ff78d5c1dd8f9cf5d50,3
68dd60278d5c1dd8f9cf5d51,68dd60278d5c1dd8f9cf5d51,0
68dd5fee8d5c1dd8f9cf5d4b,68dd60278d5c1dd8f9cf5d51,1
68dd5fe58d5c1dd8f9cf5d47,68dd60278d5c1dd8f9cf5d51,2
68dd56228d5c1dd8f9cf5c59,68dd60278d5c1dd8f9cf5d51,3
68dd60278d5c1dd8f9cf5d52,68dd60278d5c1dd8f9cf5d52,0
68dd5fee8d5c1dd8f9cf5d4b,68dd60278d5c1dd8f9cf5d52,1
68dd5fe58d5c1dd8f9cf5d47,68dd60278d5c1dd8f9cf5d52,2
68dd56228d5c1dd8f9cf5c59,68dd60278d5c1dd8f9cf5d52,3
68dd60278d5c1dd8f9cf5d53,68dd60278d5c1dd8f9cf5d53,0
68dd5fee8d5c1dd8f9cf5d4b,68dd60278d5c1dd8f9cf5d53,1
68dd5fe58d5c1dd8f9cf5d47,68dd60278d5c1dd8f9cf5d53,2
68dd56228d5c1dd8f9cf5c59,68dd60278d5c1dd8f9cf5d53,3
68dd60278d5c1dd8f9cf5d54,68dd60278d5c1dd8f9cf5d54,0
68dd5fee8d5c1dd8f9cf5d4b,68dd60278d5c1dd8f9cf5d54,1
68dd5fe58d5c1dd8f9cf5d47,68dd60278d5c1dd8f9cf5d54,2
68dd56228d5c1dd8f9cf5c59,68dd60278d5c1dd8f9cf5d54,3
68dd60278d5c1dd8f9cf5d55,68dd60278d5c1dd8f9cf5d55,0
68dd5fee8d5c1dd8f9cf5d4b,68dd60278d5c1dd8f9cf5d55,1
68dd5fe58d5c1dd8f9cf5d47,68dd60278d5c1dd8f9cf5d55,2
68dd56228d5c1dd8f9cf5c59,68dd60278d5c1dd8f9cf5d55,3
68dd60618d5c1dd8f9cf5d56,68dd60618d5c1dd8f9cf5d56,0
68dd5fee8d5c1dd8f9cf5d4a,68dd60618d5c1dd8f9cf5d56,1
68dd5fe58d5c1dd8f9cf5d47,68dd60618d5c1dd8f9cf5d56,2
68dd56228d5c1dd8f9cf5c59,68dd60618d5c1dd8f9cf5d56,3
68dd60618d5c1dd8f9cf5d57,68dd60618d5c1dd8f9cf5d57,0
68dd5fee8d5c1dd8f9cf5d4a,68dd60618d5c1dd8f9cf5d57,1
68dd5fe58d5c1dd8f9cf5d47,68dd60618d5c1dd8f9cf5d57,2
68dd56228d5c1dd8f9cf5c59,68dd60618d5c1dd8f9cf5d57,3
68dd60618d5c1dd8f9cf5d58,68dd60618d5c1dd8f9cf5d58,0
68dd5fee8d5c1dd8f9cf5d4a,68dd60618d5c1dd8f9cf5d58,1
68dd5fe58d5c1dd8f9cf5d47,68dd60618d5c1dd8f9cf5d58,2
68dd56228d5c1dd8f9cf5c59,68dd60618d5c1dd8f9cf5d58,3
68dd60a78d5c1dd8f9cf5d59,68dd60a78d5c1dd8f9cf5d59,0
68dd5fee8d5c1dd8f9cf5d49,68dd60a78d5c1dd8f9cf5d59,1
68dd5fe58d5c1dd8f9cf5d47,68dd60a78d5c1dd8f9cf5d59,2
68dd56228d5c1dd8f9cf5c59,68dd60a78d5c1dd8f9cf5d59,3
68dd60a78d5c1dd8f9cf5d5a,68dd60a78d5c1dd8f9cf5d5a,0
68dd5fee8d5c1dd8f9cf5d49,68dd60a78d5c1dd8f9cf5d5a,1
68dd5fe58d5c1dd8f9cf5d47,68dd60a78d5c1dd8f9cf5d5a,2
68dd56228d5c1dd8f9cf5c59,68dd60a78d5c1dd8f9cf5d5a,3
68dd60a78d5c1dd8f9cf5d5b,68dd60a78d5c1dd8f9cf5d5b,0
68dd5fee8d5c1dd8f9cf5d49,68dd60a78d5c1dd8f9cf5d5b,1
68dd5fe58d5c1dd8f9cf5d47,68dd60a78d5c1dd8f9cf5d5b,2
68dd56228d5c1dd8f9cf5c59,68dd60a78d5c1dd8f9cf5d5b,3
68dd60ce8d5c1dd8f9cf5d5c,68dd60ce8d5c1dd8f9cf5d5c,0
68dd5fee8d5c1dd8f9cf5d48,68dd60ce8d5c1dd8f9cf5d5c,1
68dd5fe58d5c1dd8f9cf5d47,68dd60ce8d5c1dd8f9cf5d5c,2
68dd56228d5c1dd8f9cf5c59,68dd60ce8d5c1dd8f9cf5d5c,3
68dd60ce8d5c1dd8f9cf5d5d,68dd60ce8d5c1dd8f9cf5d5d,0
68dd5fee8d5c1dd8f9cf5d48,68dd60ce8d5c1dd8f9cf5d5d,1
68dd5fe58d5c1dd8f9cf5d47,68dd60ce8d5c1dd8f9cf5d5d,2
68dd56228d5c1dd8f9cf5c59,68dd60ce8d5c1dd8f9cf5d5d,3
68dd60ce8d5c1dd8f9cf5d5e,68dd60ce8d5c1dd8f9cf5d5e,0
68dd5fee8d5c1dd8f9cf5d48,68dd60ce8d5c1dd8f9cf5d5e,1
68dd5fe58d5c1dd8f9cf5d47,68dd60ce8d5c1dd8f9cf5d5e,2
68dd56228d5c1dd8f9cf5c59,68dd60ce8d5c1dd8f9cf5d5e,3
68dd60ce8d5c1dd8f9cf5d5f,68dd60ce8d5c1dd8f9cf5d5f,0
68dd5fee8d5c1dd8f9cf5d48,68dd60ce8d5c1dd8f9cf5d5f,1
68dd5fe58d5c1dd8f9cf5d47,68dd60ce8d5c1dd8f9cf5d5f,2
68dd56228d5c1dd8f9cf5c59,68dd60ce8d5c1dd8f9cf5d5f,3
68dd61048d5c1dd8f9cf5d60,68dd61048d5c1dd8f9cf5d60,0
68dd5fe58d5c1dd8f9cf5d46,68dd61048d5c1dd8f9cf5d60,1
68dd56228d5c1dd8f9cf5c59,68dd61048d5c1dd8f9cf5d60,2
68dd61048d5c1dd8f9cf5d61,68dd61048d5c1dd8f9cf5d61,0
68dd5fe58d5c1dd8f9cf5d46,68dd61048d5c1dd8f9cf5d61,1
68dd56228d5c1dd8f9cf5c59,68dd61048d5c1dd8f9cf5d61,2
68dd61048d5c1dd8f9cf5d62,68dd61048d5c1dd8f9cf5d62,0
68dd5fe58d5c1dd8f9cf5d46,68dd61048d5c1dd8f9cf5d62,1
68dd56228d5c1dd8f9cf5c59,68dd61048d5c1dd8f9cf5d62,2
68dd61188d5c1dd8f9cf5d63,68dd61188d5c1dd8f9cf5d63,0
68dd61048d5c1dd8f9cf5d61,68dd61188d5c1dd8f9cf5d63,1
68dd5fe58d5c1dd8f9cf5d46,68dd61188d5c1dd8f9cf5d63,2
68dd56228d5c1dd8f9cf5c59,68dd61188d5c1dd8f9cf5d63,3
68dd61188d5c1dd8f9cf5d64,68dd61188d5c1dd8f9cf5d64,0
68dd61048d5c1dd8f9cf5d61,68dd61188d5c1dd8f9cf5d64,1
68dd5fe58d5c1dd8f9cf5d46,68dd61188d5c1dd8f9cf5d64,2
68dd56228d5c1dd8f9cf5c59,68dd61188d5c1dd8f9cf5d64,3
68dd61378d5c1dd8f9cf5d65,68dd61378d5c1dd8f9cf5d65,0
68dd61048d5c1dd8f9cf5d60,68dd61378d5c1dd8f9cf5d65,1
68dd5fe58d5c1dd8f9cf5d46,68dd61378d5c1dd8f9cf5d65,2
68dd56228d5c1dd8f9cf5c59,68dd61378d5c1dd8f9cf5d65,3
68dd61378d5c1dd8f9cf5d66,68dd61378d5c1dd8f9cf5d66,0
68dd61048d5c1dd8f9cf5d60,68dd61378d5c1dd8f9cf5d66,1
68dd5fe58d5c1dd8f9cf5d46,68dd61378d5c1dd8f9cf5d66,2
68dd56228d5c1dd8f9cf5c59,68dd61378d5c1dd8f9cf5d66,3
68dd61378d5c1dd8f9cf5d67,68dd61378d5c1dd8f9cf5d67,0
68dd61048d5c1dd8f9cf5d60,68dd61378d5c1dd8f9cf5d67,1
68dd5fe58d5c1dd8f9cf5d46,68dd61378d5c1dd8f9cf5d67,2
68dd56228d5c1dd8f9cf5c59,68dd61378d5c1dd8f9cf5d67,3
68dd61758d5c1dd8f9cf5d68,68dd61758d5c1dd8f9cf5d68,0
68dd56228d5c1dd8f9cf5c5a,68dd61758d5c1dd8f9cf5d68,1
68dd61758d5c1dd8f9cf5d69,68dd61758d5c1dd8f9cf5d69,0
68dd56228d5c1dd8f9cf5c5a,68dd61758d5c1dd8f9cf5d69,1
68dd617f8d5c1dd8f9cf5d6a,68dd617f8d5c1dd8f9cf5d6a,0
68dd61758d5c1dd8f9cf5d69,68dd617f8d5c1dd8f9cf5d6a,1
68dd56228d5c1dd8f9cf5c5a,68dd617f8d5c1dd8f9cf5d6a,2
68dd617f8d5c1dd8f9cf5d6b,68dd617f8d5c1dd8f9cf5d6b,0
68dd61758d5c1dd8f9cf5d69,68dd617f8d5c1dd8f9cf5d6b,1
68dd56228d5c1dd8f9cf5c5a,68dd617f8d5c1dd8f9cf5d6b,2
68dd617f8d5c1dd8f9cf5d6c,68dd617f8d5c1dd8f9cf5d6c,0
68dd61758d5c1dd8f9cf5d69,68dd617f8d5c1dd8f9cf5d6c,1
68dd56228d5c1dd8f9cf5c5a,68dd617f8d5c1dd8f9cf5d6c,2
68dd617f8d5c1dd8f9cf5d6d,68dd617f8d5c1dd8f9cf5d6d,0
68dd61758d5c1dd8f9cf5d69,68dd617f8d5c1dd8f9cf5d6d,1
68dd56228d5c1dd8f9cf5c5a,68dd617f8d5c1dd8f9cf5d6d,2
68dd617f8d5c1dd8f9cf5d6e,68dd617f8d5c1dd8f9cf5d6e,0
68dd61758d5c1dd8f9cf5d69,68dd617f8d5c1dd8f9cf5d6e,1
68dd56228d5c1dd8f9cf5c5a,68dd617f8d5c1dd8f9cf5d6e,2
68dd61ae8d5c1dd8f9cf5d6f,68dd61ae8d5c1dd8f9cf5d6f,0
68dd617f8d5c1dd8f9cf5d6b,68dd61ae8d5c1dd8f9cf5d6f,1
68dd61758d5c1dd8f9cf5d69,68dd61ae8d5c1dd8f9cf5d6f,2
68dd56228d5c1dd8f9cf5c5a,68dd61ae8d5c1dd8f9cf5d6f,3
68dd61ae8d5c1dd8f9cf5d70,68dd61ae8d5c1dd8f9cf5d70,0
68dd617f8d5c1dd8f9cf5d6b,68dd61ae8d5c1dd8f9cf5d70,1
68dd61758d5c1dd8f9cf5d69,68dd61ae8d5c1dd8f9cf5d70,2
68dd56228d5c1dd8f9cf5c5a,68dd61ae8d5c1dd8f9cf5d70,3
68dd61ae8d5c1dd8f9cf5d71,68dd61ae8d5c1dd8f9cf5d71,0
68dd617f8d5c1dd8f9cf5d6b,68dd61ae8d5c1dd8f9cf5d71,1
68dd61758d5c1dd8f9cf5d69,68dd61ae8d5c1dd8f9cf5d71,2
68dd56228d5c1dd8f9cf5c5a,68dd61ae8d5c1dd8f9cf5d71,3
68dd61ae8d5c1dd8f9cf5d72,68dd61ae8d5c1dd8f9cf5d72,0
68dd617f8d5c1dd8f9cf5d6b,68dd61ae8d5c1dd8f9cf5d72,1
68dd61758d5c1dd8f9cf5d69,68dd61ae8d5c1dd8f9cf5d72,2
68dd56228d5c1dd8f9cf5c5a,68dd61ae8d5c1dd8f9cf5d72,3
68dd61ae8d5c1dd8f9cf5d73,68dd61ae8d5c1dd8f9cf5d73,0
68dd617f8d5c1dd8f9cf5d6b,68dd61ae8d5c1dd8f9cf5d73,1
68dd61758d5c1dd8f9cf5d69,68dd61ae8d5c1dd8f9cf5d73,2
68dd56228d5c1dd8f9cf5c5a,68dd61ae8d5c1dd8f9cf5d73,3
68dd61f48d5c1dd8f9cf5d74,68dd61f48d5c1dd8f9cf5d74,0
68dd617f8d5c1dd8f9cf5d6a,68dd61f48d5c1dd8f9cf5d74,1
68dd61758d5c1dd8f9cf5d69,68dd61f48d5c1dd8f9cf5d74,2
68dd56228d5c1dd8f9cf5c5a,68dd61f48d5c1dd8f9cf5d74,3
68dd61f48d5c1dd8f9cf5d75,68dd61f48d5c1dd8f9cf5d75,0
68dd617f8d5c1dd8f9cf5d6a,68dd61f48d5c1dd8f9cf5d75,1
68dd61758d5c1dd8f9cf5d69,68dd61f48d5c1dd8f9cf5d75,2
68dd56228d5c1dd8f9cf5c5a,68dd61f48d5c1dd8f9cf5d75,3
68dd61f48d5c1dd8f9cf5d76,68dd61f48d5c1dd8f9cf5d76,0
68dd617f8d5c1dd8f9cf5d6a,68dd61f48d5c1dd8f9cf5d76,1
68dd61758d5c1dd8f9cf5d69,68dd61f48d5c1dd8f9cf5d76,2
68dd56228d5c1dd8f9cf5c5a,68dd61f48d5c1dd8f9cf5d76,3
68dd621b8d5c1dd8f9cf5d77,68dd621b8d5c1dd8f9cf5d77,0
68dd61758d5c1dd8f9cf5d68,68dd621b8d5c1dd8f9cf5d77,1
68dd56228d5c1dd8f9cf5c5a,68dd621b8d5c1dd8f9cf5d77,2
68dd621b8d5c1dd8f9cf5d78,68dd621b8d5c1dd8f9cf5d78,0
68dd61758d5c1dd8f9cf5d68,68dd621b8d5c1dd8f9cf5d78,1
68dd56228d5c1dd8f9cf5c5a,68dd621b8d5c1dd8f9cf5d78,2
68ddce587855a20e2f5ddba2,68ddce587855a20e2f5ddba2,0
68dd56228d5c1dd8f9cf5c5a,68ddce587855a20e2f5ddba2,1
68ddce587855a20e2f5ddba3,68ddce587855a20e2f5ddba3,0
68dd56228d5c1dd8f9cf5c5a,68ddce587855a20e2f5ddba3,1
68ddce617855a20e2f5ddba4,68ddce617855a20e2f5ddba4,0
68ddce587855a20e2f5ddba3,68ddce617855a20e2f5ddba4,1
68dd56228d5c1dd8f9cf5c5a,68ddce617855a20e2f5ddba4,2
68ddce617855a20e2f5ddba5,68ddce617855a20e2f5ddba5,0
68ddce587855a20e2f5ddba3,68ddce617855a20e2f5ddba5,1
68dd56228d5c1dd8f9cf5c5a,68ddce617855a20e2f5ddba5,2
68ddce617855a20e2f5ddba6,68ddce617855a20e2f5ddba6,0
68ddce587855a20e2f5ddba3,68ddce617855a20e2f5ddba6,1
68dd56228d5c1dd8f9cf5c5a,68ddce617855a20e2f5ddba6,2
68ddce617855a20e2f5ddba7,68ddce617855a20e2f5ddba7,0
68ddce587855a20e2f5ddba3,68ddce617855a20e2f5ddba7,1
68dd56228d5c1dd8f9cf5c5a,68ddce617855a20e2f5ddba7,2
68ddce617855a20e2f5ddba8,68ddce617855a20e2f5ddba8,0
68ddce587855a20e2f5ddba3,68ddce617855a20e2f5ddba8,1
68dd56228d5c1dd8f9cf5c5a,68ddce617855a20e2f5ddba8,2
68ddce917855a20e2f5ddba9,68ddce917855a20e2f5ddba9,0
68ddce617855a20e2f5ddba5,68ddce917855a20e2f5ddba9,1
68ddce587855a20e2f5ddba3,68ddce917855a20e2f5ddba9,2
68dd56228d5c1dd8f9cf5c5a,68ddce917855a20e2f5ddba9,3
68ddce917855a20e2f5ddbaa,68ddce917855a20e2f5ddbaa,0
68ddce617855a20e2f5ddba5,68ddce917855a20e2f5ddbaa,1
68ddce587855a20e2f5ddba3,68ddce917855a20e2f5ddbaa,2
68dd56228d5c1dd8f9cf5c5a,68ddce917855a20e2f5ddbaa,3
68ddce917855a20e2f5ddbab,68ddce917855a20e2f5ddbab,0
68ddce617855a20e2f5ddba5,68ddce917855a20e2f5ddbab,1
68ddce587855a20e2f5ddba3,68ddce917855a20e2f5ddbab,2
68dd56228d5c1dd8f9cf5c5a,68ddce917855a20e2f5ddbab,3
68ddce917855a20e2f5ddbac,68ddce917855a20e2f5ddbac,0
68ddce617855a20e2f5ddba5,68ddce917855a20e2f5ddbac,1
68ddce587855a20e2f5ddba3,68ddce917855a20e2f5ddbac,2
68dd56228d5c1dd8f9cf5c5a,68ddce917855a20e2f5ddbac,3
68ddce917855a20e2f5ddbad,68ddce917855a20e2f5ddbad,0
68ddce617855a20e2f5ddba5,68ddce917855a20e2f5ddbad,1
68ddce587855a20e2f5ddba3,68ddce917855a20e2f5ddbad,2
68dd56228d5c1dd8f9cf5c5a,68ddce917855a20e2f5ddbad,3
68ddcec87855a20e2f5ddbae,68ddcec87855a20e2f5ddbae,0
68ddce617855a20e2f5ddba4,68ddcec87855a20e2f5ddbae,1
68ddce587855a20e2f5ddba3,68ddcec87855a20e2f5ddbae,2
68dd56228d5c1dd8f9cf5c5a,68ddcec87855a20e2f5ddbae,3
68ddcec87855a20e2f5ddbaf,68ddcec87855a20e2f5ddbaf,0
68ddce617855a20e2f5ddba4,68ddcec87855a20e2f5ddbaf,1
68ddce587855a20e2f5ddba3,68ddcec87855a20e2f5ddbaf,2
68dd56228d5c1dd8f9cf5c5a,68ddcec87855a20e2f5ddbaf,3
68ddcec87855a20e2f5ddbb0,68ddcec87855a20e2f5ddbb0,0
68ddce617855a20e2f5ddba4,68ddcec87855a20e2f5ddbb0,1
68ddce587855a20e2f5ddba3,68ddcec87855a20e2f5ddbb0,2
68dd56228d5c1dd8f9cf5c5a,68ddcec87855a20e2f5ddbb0,3
68ddcef57855a20e2f5ddbb1,68ddcef57855a20e2f5ddbb1,0
68ddce587855a20e2f5ddba2,68ddcef57855a20e2f5ddbb1,1
68dd56228d5c1dd8f9cf5c5a,68ddcef57855a20e2f5ddbb1,2
68ddcef57855a20e2f5ddbb2,68ddcef57855a20e2f5ddbb2,0
68ddce587855a20e2f5ddba2,68ddcef57855a20e2f5ddbb2,1
68dd56228d5c1dd8f9cf5c5a,68ddcef57855a20e2f5ddbb2,2
68ddcefe7855a20e2f5ddbb3,68ddcefe7855a20e2f5ddbb3,0
68ddcef57855a20e2f5ddbb2,68ddcefe7855a20e2f5ddbb3,1
68ddce587855a20e2f5ddba2,68ddcefe7855a20e2f5ddbb3,2
68dd56228d5c1dd8f9cf5c5a,68ddcefe7855a20e2f5ddbb3,3
68ddcefe7855a20e2f5ddbb4,68ddcefe7855a20e2f5ddbb4,0
68ddcef57855a20e2f5ddbb2,68ddcefe7855a20e2f5ddbb4,1
68ddce587855a20e2f5ddba2,68ddcefe7855a20e2f5ddbb4,2
68dd56228d5c1dd8f9cf5c5a,68ddcefe7855a20e2f5ddbb4,3
68ddcf197855a20e2f5ddbb5,68ddcf197855a20e2f5ddbb5,0
68ddcef57855a20e2f5ddbb1,68ddcf197855a20e2f5ddbb5,1
68ddce587855a20e2f5ddba2,68ddcf197855a20e2f5ddbb5,2
68dd56228d5c1dd8f9cf5c5a,68ddcf197855a20e2f5ddbb5,3
68ddcf197855a20e2f5ddbb6,68ddcf197855a20e2f5ddbb6,0
68ddcef57855a20e2f5ddbb1,68ddcf197855a20e2f5ddbb6,1
68ddce587855a20e2f5ddba2,68ddcf197855a20e2f5ddbb6,2
68dd56228d5c1dd8f9cf5c5a,68ddcf197855a20e2f5ddbb6,3
68ddcf197855a20e2f5ddbb7,68ddcf197855a20e2f5ddbb7,0
68ddcef57855a20e2f5ddbb1,68ddcf197855a20e2f5ddbb7,1
68ddce587855a20e2f5ddba2,68ddcf197855a20e2f5ddbb7,2
68dd56228d5c1dd8f9cf5c5a,68ddcf197855a20e2f5ddbb7,3
68ddcf457855a20e2f5ddbb8,68ddcf457855a20e2f5ddbb8,0
68dd56228d5c1dd8f9cf5c5b,68ddcf457855a20e2f5ddbb8,1
68ddcf457855a20e2f5ddbb9,68ddcf457855a20e2f5ddbb9,0
68dd56228d5c1dd8f9cf5c5b,68ddcf457855a20e2f5ddbb9,1
68ddcf457855a20e2f5ddbba,68ddcf457855a20e2f5ddbba,0
68dd56228d5c1dd8f9cf5c5b,68ddcf457855a20e2f5ddbba,1
68ddcf577855a20e2f5ddbbb,68ddcf577855a20e2f5ddbbb,0
68ddcf457855a20e2f5ddbb9,68ddcf577855a20e2f5ddbbb,1
68dd56228d5c1dd8f9cf5c5b,68ddcf577855a20e2f5ddbbb,2
68ddcf577855a20e2f5ddbbc,68ddcf577855a20e2f5ddbbc,0
68ddcf457855a20e2f5ddbb9,68ddcf577855a20e2f5ddbbc,1
68dd56228d5c1dd8f9cf5c5b,68ddcf577855a20e2f5ddbbc,2
68ddcf577855a20e2f5ddbbd,68ddcf577855a20e2f5ddbbd,0
68ddcf457855a20e2f5ddbb9,68ddcf577855a20e2f5ddbbd,1
68dd56228d5c1dd8f9cf5c5b,68ddcf577855a20e2f5ddbbd,2
68ddcf7a7855a20e2f5ddbbe,68ddcf7a7855a20e2f5ddbbe,0
68ddcf457855a20e2f5ddbb8,68ddcf7a7855a20e2f5ddbbe,1
68dd56228d5c1dd8f9cf5c5b,68ddcf7a7855a20e2f5ddbbe,2
68ddcf837855a20e2f5ddbbf,68ddcf837855a20e2f5ddbbf,0
68ddcf7a7855a20e2f5ddbbe,68ddcf837855a20e2f5ddbbf,1
68ddcf457855a20e2f5ddbb8,68ddcf837855a20e2f5ddbbf,2
68dd56228d5c1dd8f9cf5c5b,68ddcf837855a20e2f5ddbbf,3
68ddcf837855a20e2f5ddbc0,68ddcf837855a20e2f5ddbc0,0
68ddcf7a7855a20e2f5ddbbe,68ddcf837855a20e2f5ddbc0,1
68ddcf457855a20e2f5ddbb8,68ddcf837855a20e2f5ddbc0,2
68dd56228d5c1dd8f9cf5c5b,68ddcf837855a20e2f5ddbc0,3
68ddcf837855a20e2f5ddbc1,68ddcf837855a20e2f5ddbc1,0
68ddcf7a7855a20e2f5ddbbe,68ddcf837855a20e2f5ddbc1,1
68ddcf457855a20e2f5ddbb8,68ddcf837855a20e2f5ddbc1,2
68dd56228d5c1dd8f9cf5c5b,68ddcf837855a20e2f5ddbc1,3
68ddcfa87855a20e2f5ddbc2,68ddcfa87855a20e2f5ddbc2,0
68dd56228d5c1dd8f9cf5c5c,68ddcfa87855a20e2f5ddbc2,1
68ddcfa87855a20e2f5ddbc3,68ddcfa87855a20e2f5ddbc3,0
68dd56228d5c1dd8f9cf5c5c,68ddcfa87855a20e2f5ddbc3,1
68ddcfa87855a20e2f5ddbc4,68ddcfa87855a20e2f5ddbc4,0
68dd56228d5c1dd8f9cf5c5c,68ddcfa87855a20e2f5ddbc4,1
68ddcfa87855a20e2f5ddbc5,68ddcfa87855a20e2f5ddbc5,0
68dd56228d5c1dd8f9cf5c5c,68ddcfa87855a20e2f5ddbc5,1
68ddcfa87855a20e2f5ddbc6,68ddcfa87855a20e2f5ddbc6,0
68dd56228d5c1dd8f9cf5c5c,68ddcfa87855a20e2f5ddbc6,1
68ddcfa87855a20e2f5ddbc7,68ddcfa87855a20e2f5ddbc7,0
68dd56228d5c1dd8f9cf5c5c,68ddcfa87855a20e2f5ddbc7,1
68ddcfa87855a20e2f5ddbc8,68ddcfa87855a20e2f5ddbc8,0
68dd56228d5c1dd8f9cf5c5c,68ddcfa87855a20e2f5ddbc8,1
68ddcfa87855a20e2f5ddbc9,68ddcfa87855a20e2f5ddbc9,0
68dd56228d5c1dd8f9cf5c5c,68ddcfa87855a20e2f5ddbc9,1
68ddcfb17855a20e2f5ddbca,68ddcfb17855a20e2f5ddbca,0
68ddcfa87855a20e2f5ddbc9,68ddcfb17855a20e2f5ddbca,1
68dd56228d5c1dd8f9cf5c5c,68ddcfb17855a20e2f5ddbca,2
68ddcfb17855a20e2f5ddbcb,68ddcfb17855a20e2f5ddbcb,0
68ddcfa87855a20e2f5ddbc9,68ddcfb17855a20e2f5ddbcb,1
68dd56228d5c1dd8f9cf5c5c,68ddcfb17855a20e2f5ddbcb,2
68ddcfbb7855a20e2f5ddbcc,68ddcfbb7855a20e2f5ddbcc,0
68ddcfb17855a20e2f5ddbcb,68ddcfbb7855a20e2f5ddbcc,1
68ddcfa87855a20e2f5ddbc9,68ddcfbb7855a20e2f5ddbcc,2
68dd56228d5c1dd8f9cf5c5c,68ddcfbb7855a20e2f5ddbcc,3
68ddcfbb7855a20e2f5ddbcd,68ddcfbb7855a20e2f5ddbcd,0
68ddcfb17855a20e2f5ddbcb,68ddcfbb7855a20e2f5ddbcd,1
68ddcfa87855a20e2f5ddbc9,68ddcfbb7855a20e2f5ddbcd,2
68dd56228d5c1dd8f9cf5c5c,68ddcfbb7855a20e2f5ddbcd,3
68ddcfbb7855a20e2f5ddbce,68ddcfbb7855a20e2f5ddbce,0
68ddcfb17855a20e2f5ddbcb,68ddcfbb7855a20e2f5ddbce,1
68ddcfa87855a20e2f5ddbc9,68ddcfbb7855a20e2f5ddbce,2
68dd56228d5c1dd8f9cf5c5c,68ddcfbb7855a20e2f5ddbce,3
68ddcfbb7855a20e2f5ddbcf,68ddcfbb7855a20e2f5ddbcf,0
68ddcfb17855a20e2f5ddbcb,68ddcfbb7855a20e2f5ddbcf,1
68ddcfa87855a20e2f5ddbc9,68ddcfbb7855a20e2f5ddbcf,2
68dd56228d5c1dd8f9cf5c5c,68ddcfbb7855a20e2f5ddbcf,3
68ddcfeb7855a20e2f5ddbd0,68ddcfeb7855a20e2f5ddbd0,0
68ddcfb17855a20e2f5ddbca,68ddcfeb7855a20e2f5ddbd0,1
68ddcfa87855a20e2f5ddbc9,68ddcfeb7855a20e2f5ddbd0,2
68dd56228d5c1dd8f9cf5c5c,68ddcfeb7855a20e2f5ddbd0,3
68ddcfeb7855a20e2f5ddbd1,68ddcfeb7855a20e2f5ddbd1,0
68ddcfb17855a20e2f5ddbca,68ddcfeb7855a20e2f5ddbd1,1
68ddcfa87855a20e2f5ddbc9,68ddcfeb7855a20e2f5ddbd1,2
68dd56228d5c1dd8f9cf5c5c,68ddcfeb7855a20e2f5ddbd1,3
68ddcfeb7855a20e2f5ddbd2,68ddcfeb7855a20e2f5ddbd2,0
68ddcfb17855a20e2f5ddbca,68ddcfeb7855a20e2f5ddbd2,1
68ddcfa87855a20e2f5ddbc9,68ddcfeb7855a20e2f5ddbd2,2
68dd56228d5c1dd8f9cf5c5c,68ddcfeb7855a20e2f5ddbd2,3
68ddd0117855a20e2f5ddbd3,68ddd0117855a20e2f5ddbd3,0
68ddcfa87855a20e2f5ddbc8,68ddd0117855a20e2f5ddbd3,1
68dd56228d5c1dd8f9cf5c5c,68ddd0117855a20e2f5ddbd3,2
68ddd0117855a20e2f5ddbd4,68ddd0117855a20e2f5ddbd4,0
68ddcfa87855a20e2f5ddbc8,68ddd0117855a20e2f5ddbd4,1
68dd56228d5c1dd8f9cf5c5c,68ddd0117855a20e2f5ddbd4,2
68ddd0117855a20e2f5ddbd5,68ddd0117855a20e2f5ddbd5,0
68ddcfa87855a20e2f5ddbc8,68ddd0117855a20e2f5ddbd5,1
68dd56228d5c1dd8f9cf5c5c,68ddd0117855a20e2f5ddbd5,2
68ddd0117855a20e2f5ddbd6,68ddd0117855a20e2f5ddbd6,0
68ddcfa87855a20e2f5ddbc8,68ddd0117855a20e2f5ddbd6,1
68dd56228d5c1dd8f9cf5c5c,68ddd0117855a20e2f5ddbd6,2
68ddd03e7855a20e2f5ddbd7,68ddd03e7855a20e2f5ddbd7,0
68ddcfa87855a20e2f5ddbc7,68ddd03e7855a20e2f5ddbd7,1
68dd56228d5c1dd8f9cf5c5c,68ddd03e7855a20e2f5ddbd7,2
68ddd03e7855a20e2f5ddbd8,68ddd03e7855a20e2f5ddbd8,0
68ddcfa87855a20e2f5ddbc7,68ddd03e7855a20e2f5ddbd8,1
68dd56228d5c1dd8f9cf5c5c,68ddd03e7855a20e2f5ddbd8,2
68ddd0587855a20e2f5ddbd9,68ddd0587855a20e2f5ddbd9,0
68ddcfa87855a20e2f5ddbc6,68ddd0587855a20e2f5ddbd9,1
68dd56228d5c1dd8f9cf5c5c,68ddd0587855a20e2f5ddbd9,2
68ddd0587855a20e2f5ddbda,68ddd0587855a20e2f5ddbda,0
68ddcfa87855a20e2f5ddbc6,68ddd0587855a20e2f5ddbda,1
68dd56228d5c1dd8f9cf5c5c,68ddd0587855a20e2f5ddbda,2
68ddd0587855a20e2f5ddbdb,68ddd0587855a20e2f5ddbdb,0
68ddcfa87855a20e2f5ddbc6,68ddd0587855a20e2f5ddbdb,1
68dd56228d5c1dd8f9cf5c5c,68ddd0587855a20e2f5ddbdb,2
68ddd0587855a20e2f5ddbdc,68ddd0587855a20e2f5ddbdc,0
68ddcfa87855a20e2f5ddbc6,68ddd0587855a20e2f5ddbdc,1
68dd56228d5c1dd8f9cf5c5c,68ddd0587855a20e2f5ddbdc,2
68ddd0587855a20e2f5ddbdd,68ddd0587855a20e2f5ddbdd,0
68ddcfa87855a20e2f5ddbc6,68ddd0587855a20e2f5ddbdd,1
68dd56228d5c1dd8f9cf5c5c,68ddd0587855a20e2f5ddbdd,2
68ddd08f7855a20e2f5ddbde,68ddd08f7855a20e2f5ddbde,0
68ddcfa87855a20e2f5ddbc5,68ddd08f7855a20e2f5ddbde,1
68dd56228d5c1dd8f9cf5c5c,68ddd08f7855a20e2f5ddbde,2
68ddd08f7855a20e2f5ddbdf,68ddd08f7855a20e2f5ddbdf,0
68ddcfa87855a20e2f5ddbc5,68ddd08f7855a20e2f5ddbdf,1
68dd56228d5c1dd8f9cf5c5c,68ddd08f7855a20e2f5ddbdf,2
68ddd08f7855a20e2f5ddbe0,68ddd08f7855a20e2f5ddbe0,0
68ddcfa87855a20e2f5ddbc5,68ddd08f7855a20e2f5ddbe0,1
68dd56228d5c1dd8f9cf5c5c,68ddd08f7855a20e2f5ddbe0,2
68ddd08f7855a20e2f5ddbe1,68ddd08f7855a20e2f5ddbe1,0
68ddcfa87855a20e2f5ddbc5,68ddd08f7855a20e2f5ddbe1,1
68dd56228d5c1dd8f9cf5c5c,68ddd08f7855a20e2f5ddbe1,2
68ddd0c37855a20e2f5ddbe2,68ddd0c37855a20e2f5ddbe2,0
68ddcfa87855a20e2f5ddbc4,68ddd0c37855a20e2f5ddbe2,1
68dd56228d5c1dd8f9cf5c5c,68ddd0c37855a20e2f5ddbe2,2
68ddd0c37855a20e2f5ddbe3,68ddd0c37855a20e2f5ddbe3,0
68ddcfa87855a20e2f5ddbc4,68ddd0c37855a20e2f5ddbe3,1
68dd56228d5c1dd8f9cf5c5c,68ddd0c37855a20e2f5ddbe3,2
68ddd0c37855a20e2f5ddbe4,68ddd0c37855a20e2f5ddbe4,0
68ddcfa87855a20e2f5ddbc4,68ddd0c37855a20e2f5ddbe4,1
68dd56228d5c1dd8f9cf5c5c,68ddd0c37855a20e2f5ddbe4,2
68ddd0c37855a20e2f5ddbe5,68ddd0c37855a20e2f5ddbe5,0
68ddcfa87855a20e2f5ddbc4,68ddd0c37855a20e2f5ddbe5,1
68dd56228d5c1dd8f9cf5c5c,68ddd0c37855a20e2f5ddbe5,2
68ddd0ff7855a20e2f5ddbe6,68ddd0ff7855a20e2f5ddbe6,0
68ddcfa87855a20e2f5ddbc3,68ddd0ff7855a20e2f5ddbe6,1
68dd56228d5c1dd8f9cf5c5c,68ddd0ff7855a20e2f5ddbe6,2
68ddd0ff7855a20e2f5ddbe7,68ddd0ff7855a20e2f5ddbe7,0
68ddcfa87855a20e2f5ddbc3,68ddd0ff7855a20e2f5ddbe7,1
68dd56228d5c1dd8f9cf5c5c,68ddd0ff7855a20e2f5ddbe7,2
68ddd0ff7855a20e2f5ddbe8,68ddd0ff7855a20e2f5ddbe8,0
68ddcfa87855a20e2f5ddbc3,68ddd0ff7855a20e2f5ddbe8,1
68dd56228d5c1dd8f9cf5c5c,68ddd0ff7855a20e2f5ddbe8,2
68ddd1237855a20e2f5ddbe9,68ddd1237855a20e2f5ddbe9,0
68ddcfa87855a20e2f5ddbc2,68ddd1237855a20e2f5ddbe9,1
68dd56228d5c1dd8f9cf5c5c,68ddd1237855a20e2f5ddbe9,2
68ddd1237855a20e2f5ddbea,68ddd1237855a20e2f5ddbea,0
68ddcfa87855a20e2f5ddbc2,68ddd1237855a20e2f5ddbea,1
68dd56228d5c1dd8f9cf5c5c,68ddd1237855a20e2f5ddbea,2
68ddd1237855a20e2f5ddbeb,68ddd1237855a20e2f5ddbeb,0
68ddcfa87855a20e2f5ddbc2,68ddd1237855a20e2f5ddbeb,1
68dd56228d5c1dd8f9cf5c5c,68ddd1237855a20e2f5ddbeb,2
68ddd1237855a20e2f5ddbec,68ddd1237855a20e2f5ddbec,0
68ddcfa87855a20e2f5ddbc2,68ddd1237855a20e2f5ddbec,1
68dd56228d5c1dd8f9cf5c5c,68ddd1237855a20e2f5ddbec,2
68ddd1237855a20e2f5ddbed,68ddd1237855a20e2f5ddbed,0
68ddcfa87855a20e2f5ddbc2,68ddd1237855a20e2f5ddbed,1
68dd56228d5c1dd8f9cf5c5c,68ddd1237855a20e2f5ddbed,2
68ddd1237855a20e2f5ddbee,68ddd1237855a20e2f5ddbee,0
68ddcfa87855a20e2f5ddbc2,68ddd1237855a20e2f5ddbee,1
68dd56228d5c1dd8f9cf5c5c,68ddd1237855a20e2f5ddbee,2
68ddd1237855a20e2f5ddbef,68ddd1237855a20e2f5ddbef,0
68ddcfa87855a20e2f5ddbc2,68ddd1237855a20e2f5ddbef,1
68dd56228d5c1dd8f9cf5c5c,68ddd1237855a20e2f5ddbef,2
68ddd1237855a20e2f5ddbf0,68ddd1237855a20e2f5ddbf0,0
68ddcfa87855a20e2f5ddbc2,68ddd1237855a20e2f5ddbf0,1
68dd56228d5c1dd8f9cf5c5c,68ddd1237855a20e2f5ddbf0,2
68ddd1757855a20e2f5ddbf1,68ddd1757855a20e2f5ddbf1,0
68dd56228d5c1dd8f9cf5c5d,68ddd1757855a20e2f5ddbf1,1
68ddd1757855a20e2f5ddbf2,68ddd1757855a20e2f5ddbf2,0
68dd56228d5c1dd8f9cf5c5d,68ddd1757855a20e2f5ddbf2,1
68ddd1757855a20e2f5ddbf3,68ddd1757855a20e2f5ddbf3,0
68dd56228d5c1dd8f9cf5c5d,68ddd1757855a20e2f5ddbf3,1
68ddd1757855a20e2f5ddbf4,68ddd1757855a20e2f5ddbf4,0
68dd56228d5c1dd8f9cf5c5d,68ddd1757855a20e2f5ddbf4,1
68ddd1757855a20e2f5ddbf5,68ddd1757855a20e2f5ddbf5,0
68dd56228d5c1dd8f9cf5c5d,68ddd1757855a20e2f5ddbf5,1
68ddd1a17855a20e2f5ddbf6,68ddd1a17855a20e2f5ddbf6,0
68ddd1757855a20e2f5ddbf1,68ddd1a17855a20e2f5ddbf6,1
68dd56228d5c1dd8f9cf5c5d,68ddd1a17855a20e2f5ddbf6,2
68ddd1a17855a20e2f5ddbf7,68ddd1a17855a20e2f5ddbf7,0
68ddd1757855a20e2f5ddbf1,68ddd1a17855a20e2f5ddbf7,1
68dd56228d5c1dd8f9cf5c5d,68ddd1a17855a20e2f5ddbf7,2
68ddd1c37855a20e2f5ddbf8,68ddd1c37855a20e2f5ddbf8,0
68dd56228d5c1dd8f9cf5c5e,68ddd1c37855a20e2f5ddbf8,1
68ddd1c37855a20e2f5ddbf9,68ddd1c37855a20e2f5ddbf9,0
68dd56228d5c1dd8f9cf5c5e,68ddd1c37855a20e2f5ddbf9,1
68ddd1c37855a20e2f5ddbfa,68ddd1c37855a20e2f5ddbfa,0
68dd56228d5c1dd8f9cf5c5e,68ddd1c37855a20e2f5ddbfa,1
68ddd1cc7855a20e2f5ddbfb,68ddd1cc7855a20e2f5ddbfb,0
68ddd1c37855a20e2f5ddbfa,68ddd1cc7855a20e2f5ddbfb,1
68dd56228d5c1dd8f9cf5c5e,68ddd1cc7855a20e2f5ddbfb,2
68ddd1cc7855a20e2f5ddbfc,68ddd1cc7855a20e2f5ddbfc,0
68ddd1c37855a20e2f5ddbfa,68ddd1cc7855a20e2f5ddbfc,1
68dd56228d5c1dd8f9cf5c5e,68ddd1cc7855a20e2f5ddbfc,2
68ddd1cc7855a20e2f5ddbfd,68ddd1cc7855a20e2f5ddbfd,0
68ddd1c37855a20e2f5ddbfa,68ddd1cc7855a20e2f5ddbfd,1
68dd56228d5c1dd8f9cf5c5e,68ddd1cc7855a20e2f5ddbfd,2
68ddd1cc7855a20e2f5ddbfe,68ddd1cc7855a20e2f5ddbfe,0
68ddd1c37855a20e2f5ddbfa,68ddd1cc7855a20e2f5ddbfe,1
68dd56228d5c1dd8f9cf5c5e,68ddd1cc7855a20e2f5ddbfe,2
68ddd2037855a20e2f5ddbff,68ddd2037855a20e2f5ddbff,0
68ddd1c37855a20e2f5ddbf9,68ddd2037855a20e2f5ddbff,1
68dd56228d5c1dd8f9cf5c5e,68ddd2037855a20e2f5ddbff,2
68ddd2037855a20e2f5ddc00,68ddd2037855a20e2f5ddc00,0
68ddd1c37855a20e2f5ddbf9,68ddd2037855a20e2f5ddc00,1
68dd56228d5c1dd8f9cf5c5e,68ddd2037855a20e2f5ddc00,2
68ddd2037855a20e2f5ddc01,68ddd2037855a20e2f5ddc01,0
68ddd1c37855a20e2f5ddbf9,68ddd2037855a20e2f5ddc01,1
68dd56228d5c1dd8f9cf5c5e,68ddd2037855a20e2f5ddc01,2
68ddd2037855a20e2f5ddc02,68ddd2037855a20e2f5ddc02,0
68ddd1c37855a20e2f5ddbf9,68ddd2037855a20e2f5ddc02,1
68dd56228d5c1dd8f9cf5c5e,68ddd2037855a20e2f5ddc02,2
68ddd2037855a20e2f5ddc03,68ddd2037855a20e2f5ddc03,0
68ddd1c37855a20e2f5ddbf9,68ddd2037855a20e2f5ddc03,1
68dd56228d5c1dd8f9cf5c5e,68ddd2037855a20e2f5ddc03,2
68ddd2037855a20e2f5ddc04,68ddd2037855a20e2f5ddc04,0
68ddd1c37855a20e2f5ddbf9,68ddd2037855a20e2f5ddc04,1
68dd56228d5c1dd8f9cf5c5e,68ddd2037855a20e2f5ddc04,2
68ddd2037855a20e2f5ddc05,68ddd2037855a20e2f5ddc05,0
68ddd1c37855a20e2f5ddbf9,68ddd2037855a20e2f5ddc05,1
68dd56228d5c1dd8f9cf5c5e,68ddd2037855a20e2f5ddc05,2
68ddd2037855a20e2f5ddc06,68ddd2037855a20e2f5ddc06,0
68ddd1c37855a20e2f5ddbf9,68ddd2037855a20e2f5ddc06,1
68dd56228d5c1dd8f9cf5c5e,68ddd2037855a20e2f5ddc06,2
68ddd2037855a20e2f5ddc07,68ddd2037855a20e2f5ddc07,0
68ddd1c37855a20e2f5ddbf9,68ddd2037855a20e2f5ddc07,1
68dd56228d5c1dd8f9cf5c5e,68ddd2037855a20e2f5ddc07,2
68ddd25b7855a20e2f5ddc08,68ddd25b7855a20e2f5ddc08,0
68ddd1c37855a20e2f5ddbf8,68ddd25b7855a20e2f5ddc08,1
68dd56228d5c1dd8f9cf5c5e,68ddd25b7855a20e2f5ddc08,2
68ddd25b7855a20e2f5ddc09,68ddd25b7855a20e2f5ddc09,0
68ddd1c37855a20e2f5ddbf8,68ddd25b7855a20e2f5ddc09,1
68dd56228d5c1dd8f9cf5c5e,68ddd25b7855a20e2f5ddc09,2
68ddd25b7855a20e2f5ddc0a,68ddd25b7855a20e2f5ddc0a,0
68ddd1c37855a20e2f5ddbf8,68ddd25b7855a20e2f5ddc0a,1
68dd56228d5c1dd8f9cf5c5e,68ddd25b7855a20e2f5ddc0a,2
68ddd25b7855a20e2f5ddc0b,68ddd25b7855a20e2f5ddc0b,0
68ddd1c37855a20e2f5ddbf8,68ddd25b7855a20e2f5ddc0b,1
68dd56228d5c1dd8f9cf5c5e,68ddd25b7855a20e2f5ddc0b,2
68ddd25b7855a20e2f5ddc0c,68ddd25b7855a20e2f5ddc0c,0
68ddd1c37855a20e2f5ddbf8,68ddd25b7855a20e2f5ddc0c,1
68dd56228d5c1dd8f9cf5c5e,68ddd25b7855a20e2f5ddc0c,2
68ddd25b7855a20e2f5ddc0d,68ddd25b7855a20e2f5ddc0d,0
68ddd1c37855a20e2f5ddbf8,68ddd25b7855a20e2f5ddc0d,1
68dd56228d5c1dd8f9cf5c5e,68ddd25b7855a20e2f5ddc0d,2
68ddd25b7855a20e2f5ddc0e,68ddd25b7855a20e2f5ddc0e,0
68ddd1c37855a20e2f5ddbf8,68ddd25b7855a20e2f5ddc0e,1
68dd56228d5c1dd8f9cf5c5e,68ddd25b7855a20e2f5ddc0e,2
68ddd2a57855a20e2f5ddc0f,68ddd2a57855a20e2f5ddc0f,0
68dd56228d5c1dd8f9cf5c5f,68ddd2a57855a20e2f5ddc0f,1
68ddd2a57855a20e2f5ddc10,68ddd2a57855a20e2f5ddc10,0
68dd56228d5c1dd8f9cf5c5f,68ddd2a57855a20e2f5ddc10,1
